State,District,IncreaseRate(N/N+1),IncreaseRate(N+1/N+2),IncreaseRate(N+2/N+3),IncreaseRate(N+3/N+4),IncreaseRate(N+4/N+5),IncreaseRate(N+5/N+6)
Andaman and Nicobar Islands,Unknown,1.498344179,3.853700831,3.767823011,2.542767615,2.095678566,1.898964569
Andhra Pradesh,Anantapur,-3.988985933,14.14127605,15.83559203,8.850370794,5.784407694,4.315038362
Andhra Pradesh,Chittoor,-2.909991261,11.63106417,12.15501379,9.748983696,6.883703666,4.561313142
Andhra Pradesh,East Godavari,-5.415860231,11.58471961,12.89532071,10.323779,7.514492467,4.84606603
Andhra Pradesh,Foreign Evacuees,0,0,0,0,0,0
Andhra Pradesh,Guntur,0.05765268042,10.83047611,8.854423466,5.332065212,3.741176539,2.539054422
Andhra Pradesh,Krishna,-2.488190615,9.815340818,9.123821628,7.022867594,5.766648418,3.876317789
Andhra Pradesh,Kurnool,1.693798597,10.31663687,7.742373241,7.170842327,3.945000204,1.924432928
Andhra Pradesh,Other State,0,0,0,0,0,0
Andhra Pradesh,Prakasam,-1.790750141,9.830940416,10.38125554,7.807742014,5.069131385,3.721279146
Andhra Pradesh,S.P.S. Nellore,-1.804958049,11.9734583,9.423637852,6.074582343,4.053542318,2.259962509
Andhra Pradesh,Srikakulam,3.410774714,12.05817441,9.931945842,7.405047874,3.887151037,2.362108097
Andhra Pradesh,Visakhapatnam,-3.511265227,16.19451005,13.84971846,10.11995475,5.038998325,2.895011958
Andhra Pradesh,Vizianagaram,-0.9326409027,10.49118511,10.57637914,7.079051691,3.416512982,2.544320764
Andhra Pradesh,West Godavari,-3.480186245,8.144768473,10.11590613,7.949596711,5.176136103,3.660629908
Andhra Pradesh,Y.S.R. Kadapa,-3.82416397,13.66139287,11.04735311,6.420366652,4.402372757,3.728691551
Arunachal Pradesh,Anjaw,-8.090774544,14.76113795,22.73152479,11.2804878,21.23287671,11.46892655
Arunachal Pradesh,Capital Complex,0,0,0,0,0,0
Arunachal Pradesh,Changlang,-12.14131994,8.838538477,13.04388597,20.97055164,12.26085168,11.29436198
Arunachal Pradesh,East Kameng,-12.15250199,5.153707052,10.87704213,15.12214036,21.45503537,23.84914032
Arunachal Pradesh,East Siang,-3.550232006,5.06824793,5.026088808,7.91848322,6.801954153,6.087262491
Arunachal Pradesh,Kamle,-46.68246445,11.55555556,107.5697211,63.53166987,13.96713615,3.295571576
Arunachal Pradesh,Kra Daadi,-13.76146789,18.79432624,8.358208955,18.45730028,16.97674419,58.64811133
Arunachal Pradesh,Kurung Kumey,-8.628318584,3.268765133,4.806565064,16.89038031,8.325358852,27.38515901
Arunachal Pradesh,Lepa Rada,-2.10989011,5.478221823,2.767134951,4.722452361,12.10443038,6.563161609
Arunachal Pradesh,Lohit,-13.46807707,15.8698974,18.76412962,15.18083756,14.5159069,11.04028863
Arunachal Pradesh,Longding,-0.7911392405,0.7442849548,2.374670185,3.092783505,8.2,11.96857671
Arunachal Pradesh,Lower Dibang Valley,-0.738989063,12.47766528,11.0140323,14.2260911,9.092807182,3.818181818
Arunachal Pradesh,Lower Siang,-2.057793345,11.22038444,8.480707395,1.63023342,4.338315713,7.686932215
Arunachal Pradesh,Lower Subansiri,-17.37469094,22.82372144,24.00885936,23.86140382,19.56741168,8.815726001
Arunachal Pradesh,Namsai,-20.46603649,18.32504146,22.65825742,27.65187583,19.82694316,11.61603586
Arunachal Pradesh,Pakke Kessang,-3.783783784,1.5917603,6.267281106,5.897658283,10.81081081,12.04730229
Arunachal Pradesh,Papum Pare,-1.938025959,6.261704333,6.429976901,6.639551147,6.019628239,5.127548844
Arunachal Pradesh,Shi Yomi,-3.529411765,0.9485094851,3.624161074,7.124352332,4.836759371,1.384083045
Arunachal Pradesh,Siang,-6.169154229,1.590668081,0.8350730689,6.418219462,16.14785992,1.088777219
Arunachal Pradesh,Tawang,-23.69259606,14.17342176,25.40877797,38.92605936,20.12842677,7.473273026
Arunachal Pradesh,Tirap,0.5151175812,2.762923351,3.664353859,1.568709475,1.956342669,2.383356898
Arunachal Pradesh,Upper Dibang Valley,-47.45762712,80.64516129,52.23214286,35.48387097,34.1991342,5.967741935
Arunachal Pradesh,Upper Siang,-7.6629681,2.966579046,10.10211524,16.09804571,8.102710414,9.976247031
Arunachal Pradesh,Upper Subansiri,-14.25983437,7.787503773,19.77037244,17.76946458,13.97657336,13.95227312
Arunachal Pradesh,West Kameng,-3.854314003,4.60953782,6.726825267,9.300538048,10.70926261,9.255898367
Arunachal Pradesh,West Siang,-0.3883235137,1.774432047,2.469951129,1.069863367,0.752455044,2.075949367
Assam,Dibrugarh,0,0,0,0,0,0
Assam,Udalguri,0,0,0,0,0,0
Assam,Unknown,-5.978674055,13.09574876,12.23808529,11.0737428,8.148747322,6.085108505
Bihar,Araria,0.7795085179,13.66256468,9.977591697,5.984986595,2.616587913,1.511580899
Bihar,Arwal,7.647171725,15.93479368,6.810791809,2.873539575,1.137704197,0.5713494919
Bihar,Aurangabad,9.446003841,14.14430466,5.456308536,2.999289799,0.7555687814,0.2759008198
Bihar,Banka,6.446780418,11.26112158,5.64274076,3.102930433,0.5747465801,0.2916022467
Bihar,Begusarai,7.313564435,15.70234234,8.234861745,5.446111524,1.944656697,0.6772564955
Bihar,Bhagalpur,6.424299632,8.993189084,5.202589453,2.340173752,0.6971667729,0.428511413
Bihar,Bhojpur,4.138936535,8.245351078,3.327804744,2.323800548,0.7627655288,0.4399120176
Bihar,Buxar,4.995928812,9.335475175,4.669424977,2.717005486,0.8670520231,0.4235704497
Bihar,Darbhanga,2.824679194,13.26597635,10.58654978,8.146457324,2.793782088,1.968673261
Bihar,East Champaran,-0.3222778473,17.55867366,9.529870407,3.813617858,1.47786336,0.961894477
Bihar,Gaya,11.48714947,10.19290552,6.206094462,2.796163302,0.7166051313,0.3580895096
Bihar,Gopalganj,2.913788727,18.92979541,11.92066715,6.227141952,2.867242012,1.727908035
Bihar,Jamui,13.02893042,19.21582053,6.680856096,1.976121861,0.7282382535,0.3915462996
Bihar,Jehanabad,5.30518757,5.464111457,2.477634403,1.317650258,0.6039538848,0.1894368922
Bihar,Kaimur,7.953503722,9.266304348,4.00087043,1.883126588,0.6601144198,0.6557854853
Bihar,Katihar,2.694794469,21.38671875,8.886470115,5.07110323,2.150929036,1.077924813
Bihar,Khagaria,9.622045863,20.29878207,7.326317889,3.52850062,1.898620545,0.8530694349
Bihar,Kishanganj,0.03811944091,14.53702528,12.91932354,6.725591292,3.136310656,1.748724888
Bihar,Lakhisarai,2.829426031,9.630503145,5.793769641,2.988437002,1.28535202,1.106587925
Bihar,Madhepura,6.233443986,15.03377312,9.110989162,4.229797186,1.901200314,1.425341241
Bihar,Madhubani,4.683513894,17.26862426,10.57320448,3.66103409,1.695135733,1.113651626
Bihar,Munger,2.253300114,20.28780659,8.462683394,3.651502801,2.44082104,1.634437858
Bihar,Muzaffarpur,5.149808066,12.23331121,6.691379146,4.531551596,1.72769713,0.8694235647
Bihar,Nalanda,10.8664676,15.78473427,8.220563074,3.836932022,1.75980571,0.4068383467
Bihar,Nawada,8.116531911,10.00847889,5.019114564,2.242837013,1.172906857,1.02024889
Bihar,Patna,6.697435765,11.06679394,6.106976527,3.094078313,0.941995475,0.3974395983
Bihar,Purnia,4.517957612,15.39725584,9.030135526,4.023702141,1.860430596,1.430557833
Bihar,Rohtas,6.882261714,8.362274025,3.285004006,1.507906146,0.7485108299,0.3709553399
Bihar,Saharsa,7.960222017,13.9700527,7.566231545,3.206416327,1.382398754,0.8383363532
Bihar,Samastipur,2.720062688,27.70900517,12.44366006,6.858554882,2.164808677,1.102231004
Bihar,Saran,7.439556252,13.60368882,5.928716636,2.276091541,1.352554291,0.9168399037
Bihar,Sheikhpura,13.67565651,18.37067601,5.16172179,1.497369486,0.59049138,0.3529700447
Bihar,Sheohar,5.549929107,19.14699674,9.873162875,7.443104775,2.414898697,0.9125424632
Bihar,Sitamarhi,4.633310198,10.7678392,7.249532727,4.338262665,1.683261441,0.8819214085
Bihar,Siwan,6.639729169,15.73732719,7.639303648,4.357743961,1.95348654,1.150213432
Bihar,Supaul,5.644755319,18.61637428,12.0738321,5.936008452,2.80481181,2.259715738
Bihar,Vaishali,12.25158994,21.55331933,9.957494847,3.997822198,1.500261761,0.6653600165
Bihar,West Champaran,13.64858148,16.01767147,7.021970583,3.172081656,1.040875617,0.3378681211
Chandigarh,Chandigarh,2.294806394,11.87124788,7.517972691,3.610952525,1.689376969,0.9041261849
Chhattisgarh,Balod,5.212372076,9.578734927,4.88011004,2.415155574,1.415680465,0.6950166397
Chhattisgarh,Baloda Bazar,5.500795202,12.75139086,6.514118905,3.25424314,1.862862915,1.040580235
Chhattisgarh,Balrampur,-1.721588248,27.62040903,17.20739664,9.987509326,3.785736607,1.786002791
Chhattisgarh,Bametara,6.006414702,6.43148607,3.246922876,1.614823634,0.6898571952,0.3542024263
Chhattisgarh,Bastar,-0.8251836623,9.070767007,7.659915781,4.899301141,3.331094591,2.35409258
Chhattisgarh,Bijapur,-2.181021981,6.328488372,5.394100118,4.970168612,6.867493698,7.166146375
Chhattisgarh,Bilaspur,7.848229099,7.00708735,2.993311927,1.277161025,0.5379792487,0.2123624997
Chhattisgarh,Dakshin Bastar Dantewada,-0.4665135183,6.870716898,5.521961592,4.504093199,3.186152664,2.362181733
Chhattisgarh,Dhamtari,5.745573834,8.956595412,4.657172081,3.04053861,2.048932547,1.134887462
Chhattisgarh,Durg,4.465534119,3.261886401,1.417365249,0.6867070653,0.3156101121,0.2089978114
Chhattisgarh,Gariaband,6.600778563,9.080675755,5.196356456,2.617756562,1.248767416,0.7107278269
Chhattisgarh,Gaurela Pendra Marwahi,8.453215788,25.03833435,12.39620579,5.664370596,2.434654956,0.7408486968
Chhattisgarh,Janjgir Champa,7.569715623,12.314406,5.908883437,3.14798803,1.663445971,0.8795047648
Chhattisgarh,Jashpur,5.029614103,20.06425862,10.91853344,6.345485409,3.875388825,2.164295042
Chhattisgarh,Kabeerdham,7.443445214,11.75542376,4.835508141,1.799703303,0.8085236933,0.4241613462
Chhattisgarh,Kondagaon,6.400089178,12.61543067,5.743979586,5.041097956,2.814171363,1.82941731
Chhattisgarh,Korba,8.948609246,10.65171396,5.368956152,2.118672071,1.160050263,0.6040282768
Chhattisgarh,Koriya,1.875443274,23.79181501,15.07609949,8.785539307,2.852366167,1.570188533
Chhattisgarh,Mahasamund,6.865758604,9.235861915,4.786448412,2.67954351,1.589059771,0.9253823143
Chhattisgarh,Mungeli,9.665079671,20.74581545,7.980713276,4.393461134,1.639052091,0.3682361549
Chhattisgarh,Narayanpur,-2.422639513,10.80934569,9.769580745,5.758088956,4.374209861,4.174741602
Chhattisgarh,Other State,0.4461298238,3.02020875,2.543651649,1.408450704,0.7669983416,0.6994445587
Chhattisgarh,Raigarh,5.542497629,12.37606668,6.202230689,3.253364196,1.752348655,0.8163913077
Chhattisgarh,Raipur,2.647116297,3.11169647,1.648919936,0.861080762,0.4147368479,0.3381781749
Chhattisgarh,Rajnandgaon,5.017316118,4.442022149,1.879935261,0.8247315462,0.404608775,0.2244761154
Chhattisgarh,Sukma,-1.832581801,7.346446028,5.395397317,4.801686446,6.729742482,6.88708439
Chhattisgarh,Surajpur,-0.9246575342,22.64568043,14.35013436,8.061261922,4.247644912,1.560019538
Chhattisgarh,Surguja,2.192665111,14.94545141,10.12646024,6.985725055,3.412314518,1.426097048
Chhattisgarh,Uttar Bastar Kanker,9.079191102,13.81639185,5.862291836,2.510327089,0.9263189908,0.6284096402
Dadra and Nagar Haveli and Daman and Diu,Dadra and Nagar Haveli,9.675749734,6.962218583,2.901559783,1.21314535,0.7251432843,0.5640632345
Dadra and Nagar Haveli and Daman and Diu,Daman,4.298582943,9.667154907,4.739096394,2.968076686,1.772216766,0.9944612286
Dadra and Nagar Haveli and Daman and Diu,Diu,-9.411074154,19.69762419,10.89859257,10.93394077,21.16456439,1.924706452
Delhi,Delhi,6.658474706,7.664492058,2.936262353,0.9467626363,0.3883548583,0.1750571084
Goa,Unknown,2.641423722,19.4948207,9.376460577,7.182860546,3.822726298,2.166075118
Gujarat,Ahmedabad,8.347995181,11.75283861,6.521993855,1.850971443,0.796334093,0.385366019
Gujarat,Amreli,-2.82962764,18.55405512,13.65528726,5.350915751,2.71897861,0.9450695262
Gujarat,Anand,-2.371842099,22.55166874,17.60125539,8.033240997,2.693871169,1.321498714
Gujarat,Aravalli,3.464192465,29.2956604,15.07388819,4.982281855,3.009058912,1.100686178
Gujarat,Banaskantha,1.966215537,15.02808,7.695413832,4.840194062,2.053688511,0.5968057089
Gujarat,Bharuch,-1.525224873,12.93814967,9.515801061,5.480867222,3.01758937,1.379806519
Gujarat,Bhavnagar,9.104295187,15.65005689,8.075723253,3.614049698,1.324088327,0.4476949759
Gujarat,Botad,2.817670933,10.20268731,3.650892058,1.535189739,1.053802854,0.3432864823
Gujarat,Chhota Udaipur,10.47133758,21.10816421,8.455129731,3.142970019,0.8852193897,0.1856148492
Gujarat,Dahod,4.33359283,16.69281396,9.443706655,2.979641364,0.7142649326,0.193549319
Gujarat,Dang,7.789895393,10.53066281,5.772464039,5.139526669,0.6719301193,0.3837810779
Gujarat,Devbhumi Dwarka,-5.938728261,24.50486548,14.16486598,9.109213918,3.901232745,1.431565486
Gujarat,Gandhinagar,4.573412257,11.1335257,6.271301977,2.593134464,0.965233335,0.3993793617
Gujarat,Gir Somnath,-0.1328094737,26.78284479,14.01411682,4.699658834,4.047523157,2.577546317
Gujarat,Jamnagar,7.950873394,14.65715673,6.754796734,2.899300838,1.320780816,0.6217886663
Gujarat,Junagadh,-2.711888161,28.47264739,16.5166933,6.768515177,3.99218838,1.765258216
Gujarat,Kheda,2.087657672,15.78690127,11.29421697,6.024516795,2.442584246,0.9693820539
Gujarat,Kutch,1.206896552,14.44943472,8.939106901,5.343701091,2.149561362,0.7814754534
Gujarat,Mahisagar,2.341762293,21.95585997,10.88923557,4.507597074,1.784143737,0.7053802881
Gujarat,Mehsana,8.815422491,16.6452447,6.070779581,2.239880443,0.8295007546,0.4048559137
Gujarat,Morbi,5.926823486,7.303608286,3.244495944,1.25701459,0.3857237863,0.2053705503
Gujarat,Narmada,3.867939796,12.99158616,7.667061971,4.618458465,1.290338377,0.3263313109
Gujarat,Navsari,6.498139904,16.07730852,8.482979773,5.373018941,4.294160804,1.578664239
Gujarat,Other State,0,0,0,0,0,0
Gujarat,Panchmahal,-2.796426495,19.62693061,12.56838054,6.563909268,2.540392365,0.813088257
Gujarat,Patan,3.435228361,10.559949,6.764326313,3.468141195,0.746936442,0.2319183845
Gujarat,Porbandar,-11.3836719,19.00519031,26.35022171,21.45898055,10.48692687,1.526193947
Gujarat,Rajkot,1.474271788,9.208678908,5.569069119,3.219985902,1.740182963,0.7268464831
Gujarat,Sabarkantha,-0.2064122411,15.20942467,13.52353446,7.695877884,2.422946162,0.8290607614
Gujarat,Surat,4.588040947,6.193233833,3.322893797,1.957116147,1.141471807,0.5955573603
Gujarat,Surendranagar,6.324714425,9.527577089,4.845547001,2.043369475,0.525932375,0.1325627022
Gujarat,Tapi,9.697749196,12.00218861,4.417614628,2.045181126,0.8350799057,0.3052840116
Gujarat,Vadodara,-0.3283353949,13.69981183,8.631414551,5.080052279,3.187019489,1.541373563
Gujarat,Valsad,3.673766612,18.93306174,12.67089916,6.093406017,3.735085596,1.619317505
Haryana,Ambala,2.778406092,12.48945457,7.388265728,3.2130079,1.538597317,0.8445603361
Haryana,Bhiwani,-1.580123081,29.70883076,17.82794795,9.603610818,2.201159694,0.8403142892
Haryana,Charkhi Dadri,-11.23324016,34.8793766,21.46333742,8.991692458,3.586907787,0.7213966239
Haryana,Faridabad,6.086732418,11.83510249,4.64349924,1.50093781,0.7272600687,0.302541144
Haryana,Fatehabad,1.145933474,20.75555387,13.84554032,7.262168142,3.581189089,1.728272143
Haryana,Gurugram,9.580727874,13.99645932,6.17560252,1.541079969,0.4197140593,0.1543065483
Haryana,Hisar,2.952862158,21.98469732,12.14372504,5.478761263,1.830927429,0.7544011203
Haryana,Jhajjar,-1.887242622,20.14007101,17.7252854,9.657674387,1.946596005,0.7382400664
Haryana,Jind,5.706900587,17.37280385,10.60030676,5.054692425,2.2398543,1.26558681
Haryana,Kaithal,4.039923116,11.0559322,7.485920974,4.936956892,2.884784521,1.508476137
Haryana,Karnal,5.144164273,12.40116827,7.220401265,3.501614368,1.602156366,0.7686668457
Haryana,Kurukshetra,1.172859451,9.347555328,5.990070093,2.974566697,1.377423369,0.8631327496
Haryana,Mahendragarh,5.848949461,34.31067706,15.99116357,4.618703924,1.259547369,0.4557576723
Haryana,Nuh,8.736712225,24.92471523,11.47288988,5.638084493,1.699943632,0.9247374562
Haryana,Palwal,-4.969979274,22.6059584,18.68363623,7.70894819,2.058646315,2.066319
Haryana,Panchkula,1.921113057,12.94777048,7.544126581,3.758917368,1.746567092,0.8054930745
Haryana,Panipat,6.627378997,16.25139682,8.251065156,2.770471345,1.048049619,0.3212298249
Haryana,Rewari,-0.8722563443,9.691735752,9.526395068,9.342267283,2.223765996,0.7768740477
Haryana,Rohtak,0.9849734286,13.50768952,11.64844827,5.524133405,1.255166253,0.4690405329
Haryana,Sirsa,0.4829739487,25.7165283,15.2056796,7.545799416,3.416228123,1.481395898
Haryana,Sonipat,7.631967997,16.97356301,8.538855523,3.267880269,0.9397888094,0.3370055954
Haryana,Yamunanagar,0.8009230978,14.77173254,11.5629446,6.185045193,3.207993364,1.710093812
Himachal Pradesh,Bilaspur,-0.556096769,31.16861913,17.49961102,8.421944728,3.63960575,2.017511814
Himachal Pradesh,Chamba,-7.537252374,32.89893546,21.42770671,9.835166661,6.50217092,5.108027103
Himachal Pradesh,Hamirpur,-3.261039979,31.64424756,16.61833502,7.86464137,4.231187473,2.370345641
Himachal Pradesh,Kangra,-5.639896677,37.92562822,21.91463833,9.454444547,4.235907352,1.987294031
Himachal Pradesh,Kinnaur,-5.317228932,15.09530792,12.19185935,12.56458298,6.799152628,3.334277888
Himachal Pradesh,Kullu,-1.771670938,10.86223182,8.79178838,5.821368637,3.894135889,2.381194668
Himachal Pradesh,Lahaul and Spiti,2.980436472,9.3889308,7.172413793,3.492453492,2.854558815,2.044405364
Himachal Pradesh,Mandi,-2.078009133,23.38595816,13.01293387,6.855098522,3.384253144,2.775200947
Himachal Pradesh,Shimla,-1.348403229,16.62059521,11.65324698,6.869815141,3.184460323,1.947671147
Himachal Pradesh,Sirmaur,1.832477535,26.44889855,15.64793699,7.519072454,3.794271512,1.661710181
Himachal Pradesh,Solan,1.5641303,18.39379459,10.67451062,6.229050681,2.801890497,1.323901359
Himachal Pradesh,Una,-4.431083617,23.68267937,14.60535407,8.13771518,5.092405874,2.737174784
Jammu and Kashmir,Anantnag,-0.6568065392,24.03575701,13.96045927,11.29650172,6.645020088,3.493660153
Jammu and Kashmir,Bandipora,-4.334797328,10.82231415,13.29535892,9.204136434,4.912629486,3.282966805
Jammu and Kashmir,Baramulla,0.6728278841,15.64217701,9.28793078,8.500841296,5.440825228,3.343969955
Jammu and Kashmir,Budgam,-4.547034543,20.61132986,16.16251203,11.1171578,5.991827665,4.071724138
Jammu and Kashmir,Doda,-6.799325687,10.70719251,11.2574083,9.306343402,8.627275362,5.917159763
Jammu and Kashmir,Ganderbal,-5.999547716,11.78579161,11.63000904,11.80065548,7.552896139,3.2483045
Jammu and Kashmir,Jammu,-1.434939063,11.49601863,9.170043827,6.542454053,3.764300403,1.318848792
Jammu and Kashmir,Kathua,-4.097093775,25.05416116,16.58462384,8.765380643,3.397200933,1.812791054
Jammu and Kashmir,Kishtwar,-4.500330907,9.429429429,8.625348307,6.051537176,4.416184124,3.151872521
Jammu and Kashmir,Kulgam,-2.039139528,28.86008387,16.72781065,12.36038593,6.421438884,4.526184891
Jammu and Kashmir,Kupwara,-6.700405204,14.9257834,12.00988599,13.25038792,9.03777261,5.32134417
Jammu and Kashmir,Pulwama,-4.689587746,19.31888121,14.27670793,9.75976729,8.082019648,5.217988691
Jammu and Kashmir,Punch,-5.775148875,17.31421785,15.00831586,9.349555157,8.708277032,6.326034063
Jammu and Kashmir,Rajouri,-3.434428335,25.6262089,15.97798264,8.776820829,5.717772693,3.642240757
Jammu and Kashmir,Ramban,-8.395913378,15.87626901,19.27031918,16.52239887,8.431987688,5.112318148
Jammu and Kashmir,Reasi,-2.835192976,13.18900602,10.09546619,8.311680464,4.499428157,2.16219102
Jammu and Kashmir,Samba,-0.8053864244,19.14520477,16.03336423,8.637943995,3.286841821,1.833978855
Jammu and Kashmir,Shopiyan,-1.894148224,20.12202465,11.70219876,7.996290535,4.177169607,1.837326172
Jammu and Kashmir,Srinagar,3.685262788,11.7921492,7.787515924,5.509069507,3.612449678,2.470280953
Jammu and Kashmir,Udhampur,-3.542870715,18.48606722,16.84360009,7.461204405,3.501924058,1.961568188
Jharkhand,Bokaro,5.949876667,19.11792866,7.295879516,3.456270256,1.159334126,0.5025731444
Jharkhand,Chatra,12.38201412,17.8890285,9.082239426,3.491900231,1.605048698,1.30826038
Jharkhand,Deoghar,5.869569122,11.80931377,6.131459958,3.921540595,1.617829137,0.7445915577
Jharkhand,Dhanbad,0.1020202247,8.717759186,7.829159499,4.493995586,2.125675416,1.287353852
Jharkhand,Dumka,5.519383326,7.73431682,2.97564187,1.585475003,0.7426054122,0.4935032484
Jharkhand,East Singhbhum,5.698513113,13.48807184,6.801536162,3.093320174,2.34844969,1.85395902
Jharkhand,Garhwa,1.480272743,15.70665595,10.29134405,4.230137479,1.347063014,0.7093104991
Jharkhand,Giridih,7.750486206,17.84210174,8.129112775,4.655229701,2.173949369,1.203676447
Jharkhand,Godda,9.299693782,11.83994153,5.445733268,2.032226411,1.366638828,0.4993383767
Jharkhand,Gumla,7.4389912,18.86346365,10.37685586,4.777075188,2.530712531,1.288042176
Jharkhand,Hazaribagh,13.33817505,17.28726333,8.020965828,3.460593177,2.033333843,1.155861656
Jharkhand,Jamtara,8.858348583,17.57178634,6.285197397,2.322580645,1.35762389,0.688249464
Jharkhand,Khunti,5.798879701,18.96177894,7.934725019,3.308527558,1.830311324,0.8921738806
Jharkhand,Koderma,6.885638788,14.67502228,6.066379224,3.073596143,1.272570937,0.6192335994
Jharkhand,Latehar,9.507674486,20.15444424,8.885416208,4.479391967,2.484183644,1.121368296
Jharkhand,Lohardaga,10.22362164,17.00577159,6.818634778,4.8394244,2.051076704,0.8239961634
Jharkhand,Pakur,-4.989007272,49.39480242,3.222923865,1.385121487,0.8083338077,0.2654017731
Jharkhand,Palamu,-0.1080942435,30.54307357,13.36546027,4.135631871,1.030633375,0.5336191867
Jharkhand,Ramgarh,8.08149502,13.1270892,6.705755571,2.503094933,1.145236304,0.5153343389
Jharkhand,Ranchi,5.743128232,6.642855384,3.023877766,1.542370369,0.613993692,0.2741639686
Jharkhand,Sahibganj,2.949797781,6.981186477,3.894485059,2.360647232,1.666297082,1.913189792
Jharkhand,Saraikela-Kharsawan,5.299802556,9.626961413,5.126704776,3.440229491,2.119249157,1.007235069
Jharkhand,Simdega,2.687803663,18.00370022,11.70483461,5.616529762,3.470437018,2.073902516
Jharkhand,West Singhbhum,5.093268451,18.37783609,10.32374148,4.000472729,1.090909091,0.8902877698
Karnataka,Bagalkote,-1.008265783,28.44369147,11.08918561,6.037590053,4.543414604,2.667080365
Karnataka,Ballari,-5.344061793,18.01319054,18.13540856,9.374895699,4.318755993,2.283983785
Karnataka,Belagavi,-12.84015554,17.19898924,25.2749497,14.9904459,11.4200852,5.505668367
Karnataka,Bengaluru Rural,-2.007615232,18.93900521,15.09560655,9.218994187,5.908417863,3.902389309
Karnataka,Bengaluru Urban,5.211499128,14.34873324,7.941479838,4.572531772,2.671699632,1.494139816
Karnataka,Bidar,6.350129101,10.10896958,4.819315947,1.924590971,0.9788243246,0.4494086571
Karnataka,Chamarajanagara,-4.03180172,31.54279312,19.05434279,12.54902453,8.272328373,5.835916661
Karnataka,Chikkaballapura,-0.03227089108,17.50569246,14.10104836,10.1514702,6.691309066,5.429481856
Karnataka,Chikkamagaluru,-9.966630951,19.26526893,21.7754995,15.81345258,10.91142854,7.067164859
Karnataka,Chitradurga,-12.75890012,7.774900226,16.7908322,16.92776246,16.11212434,7.290783801
Karnataka,Dakshina Kannada,-1.818531209,17.20196827,11.42851095,8.240720219,6.583850932,5.21419972
Karnataka,Davanagere,-7.046086993,9.99232641,14.20034423,12.60057714,9.148861746,5.943138935
Karnataka,Dharwad,-4.463436328,17.24766037,15.26835095,12.31715206,5.387337371,3.20081374
Karnataka,Gadag,-11.74723418,18.22336123,20.50458356,13.17006213,8.324289818,3.859390654
Karnataka,Hassan,-6.762911832,22.59752447,17.30833515,13.97279282,11.30986028,6.77662087
Karnataka,Haveri,-4.152787474,13.47678605,10.33211686,10.54551801,5.942186971,4.359951461
Karnataka,Kalaburagi,5.717926933,16.36168621,7.781357999,2.860917229,1.211207805,0.7367302152
Karnataka,Kodagu,1.983697541,30.26995979,13.89710938,9.943047609,7.743999236,6.396991215
Karnataka,Kolar,-4.09574729,22.56930237,17.13297656,13.41170708,8.942489291,5.077885662
Karnataka,Koppal,-1.373981986,14.16774899,14.98359439,10.35976692,7.282387136,4.206359678
Karnataka,Mandya,0.5738395355,24.31147038,13.22080391,8.513888299,7.382228304,5.574325865
Karnataka,Mysuru,-0.9374408909,15.29638225,13.19847803,13.26803449,8.021728424,5.47909384
Karnataka,Other State,0,0,0,0,0,0
Karnataka,Raichur,-0.69516327,17.78382812,12.75376476,10.60692489,4.835394936,1.860112443
Karnataka,Ramanagara,-0.9288700312,22.05046721,17.23727659,10.75599353,5.251450805,2.043339747
Karnataka,Shivamogga,-7.916099726,18.40079656,18.40687507,12.37084649,9.155555556,8.866967723
Karnataka,Tumakuru,-3.409987201,27.8007051,19.01429602,11.66433863,6.687836659,4.262137154
Karnataka,Udupi,-5.647800088,19.81123592,14.37671322,11.73251621,8.302733786,4.792364659
Karnataka,Uttara Kannada,-10.27538245,27.70596404,22.69870468,16.85979323,8.957303221,5.397830933
Karnataka,Vijayapura,-1.332127823,16.01511365,9.38787024,6.290820943,4.341496983,3.632397332
Karnataka,Yadgir,-1.790287648,26.65794615,12.859895,7.253220395,2.971434197,1.16532288
Kerala,Alappuzha,-1.215400033,13.5773696,10.69776851,8.888532767,6.439313741,4.294290021
Kerala,Ernakulam,0.8154666389,15.09668267,9.768842593,7.142608076,4.864269294,3.708972853
Kerala,Idukki,-1.388151429,14.25850558,11.72741561,8.876833542,5.727320684,4.533973127
Kerala,Kannur,-0.4121494989,15.77501377,10.02749824,6.490605717,4.306029245,3.113441812
Kerala,Kasaragod,-0.08987345497,13.24523523,8.589186212,6.265443723,4.827005499,4.15874325
Kerala,Kollam,-5.513660353,15.23265918,13.21220985,10.22127542,7.675436855,5.873295172
Kerala,Kottayam,1.630498446,12.27119219,8.742658375,5.972193732,3.490921401,2.405424864
Kerala,Kozhikode,4.167673558,12.16385929,7.24000989,4.890548356,3.397457467,2.708001791
Kerala,Malappuram,-4.375604199,16.03966245,13.35062374,11.32129059,7.411573021,4.131800888
Kerala,Palakkad,-5.980258294,20.27897671,16.2297313,13.17668558,9.12049957,6.128189233
Kerala,Pathanamthitta,-0.6779104529,9.224433553,7.651492706,5.875668261,4.071387643,2.947243179
Kerala,Thiruvananthapuram,-3.022362815,16.70278133,12.40986208,9.909234691,6.972820468,5.413418433
Kerala,Thrissur,1.009038756,14.86276414,9.964850113,6.935071166,4.995962104,3.944162837
Kerala,Wayanad,1.980498221,12.09818986,7.366829095,4.830469723,3.187491696,2.717082343
Ladakh,Kargil,-2.716681185,10.35872181,6.795131846,5.612535613,3.933998741,2.275381754
Ladakh,Leh,-1.949749886,6.599802887,6.680661758,6.634447741,4.708087124,2.653638937
Lakshadweep,Lakshadweep,-15.75888866,25.11122903,32.29584679,27.37854501,14.2821188,7.116840875
Madhya Pradesh,Agar Malwa,5.886796839,12.49656989,7.815396624,3.085972851,0.4257747344,0.4370820403
Madhya Pradesh,Alirajpur,6.115531284,5.439219166,1.409576706,1.107837849,0.3980630335,0.01634988759
Madhya Pradesh,Anuppur,6.296868609,17.27985976,10.11666059,4.783976163,1.372827804,0.5002415497
Madhya Pradesh,Ashoknagar,5.073226764,6.395189943,4.127065673,2.869829784,1.490807354,0.539518765
Madhya Pradesh,Balaghat,2.95939158,11.18970179,6.803644117,3.199142056,1.087147676,0.4048775087
Madhya Pradesh,Barwani,4.74163532,6.415272659,1.79932148,0.8811418202,0.6261134268,0.2698568212
Madhya Pradesh,Betul,5.168963348,9.983417605,5.948070245,2.638516272,1.139876352,0.6112702961
Madhya Pradesh,Bhind,4.670925394,8.437849944,4.998192802,2.15392181,0.5969287055,0.1914150357
Madhya Pradesh,Bhopal,3.546253053,10.10804594,5.598095285,3.237332873,1.567131458,0.7889437306
Madhya Pradesh,Burhanpur,1.291560102,7.67579851,2.896001876,1.447128532,0.4605189262,0.3242397138
Madhya Pradesh,Chhatarpur,7.338826724,8.529431008,3.996865204,1.853032674,0.5653361663,0.1452556121
Madhya Pradesh,Chhindwara,1.827827345,4.376243251,3.400943824,1.599561163,0.7580338632,0.482263423
Madhya Pradesh,Damoh,1.522445688,15.17186597,10.24724643,4.642654028,1.922136271,0.4265908283
Madhya Pradesh,Datia,10.56149,12.19838478,4.177522632,1.960493409,0.5529340844,0.3121576086
Madhya Pradesh,Dewas,5.311333539,9.454791737,7.33246705,2.953610823,0.574895007,0.2579663345
Madhya Pradesh,Dhar,7.954871981,11.65543617,5.652233918,2.445135854,0.9829946561,0.3604430925
Madhya Pradesh,Dindori,4.44949517,16.62133322,10.57088521,3.757910109,0.6036343165,0.3637381086
Madhya Pradesh,Guna,6.091247929,7.459093718,4.389416964,2.192321076,1.396140749,0.3246389791
Madhya Pradesh,Gwalior,8.53819132,11.89279518,3.958526453,1.347699251,0.6123440966,0.1597789005
Madhya Pradesh,Harda,5.488486072,12.01831101,4.455626715,1.427695542,0.5670696603,0.5953573575
Madhya Pradesh,Hoshangabad,5.997790288,11.85453583,6.293820075,2.45473901,0.5881154499,0.396986146
Madhya Pradesh,Indore,1.740987352,9.546590118,6.927837439,3.770432955,1.963110984,0.9604777844
Madhya Pradesh,Jabalpur,4.701789555,11.51049728,5.891365513,2.336632492,1.216091967,0.7247163408
Madhya Pradesh,Jhabua,7.199533003,5.501885727,1.359178758,0.8637923881,0.3290949888,0.1472342329
Madhya Pradesh,Katni,6.410109352,9.254235461,5.71597711,1.577277252,0.2235766133,0.08556411197
Madhya Pradesh,Khandwa,2.534339331,3.645283019,1.696643122,0.7017041386,0.2737485779,0.2127282397
Madhya Pradesh,Khargone,4.069143903,7.987390883,5.09386087,2.400512793,0.9316446188,0.5395627681
Madhya Pradesh,Mandla,7.288816234,10.94070884,6.132624728,1.564126368,0.3323823505,0.1214697844
Madhya Pradesh,Mandsaur,6.961464136,13.35685591,7.903470777,3.268689396,1.011324819,0.3698274139
Madhya Pradesh,Morena,7.073127831,9.115176903,3.679099703,2.345125515,1.800124146,0.243902439
Madhya Pradesh,Narsinghpur,6.174643157,13.93233903,6.621689155,1.141837877,0.5059021922,0.2305445976
Madhya Pradesh,Neemuch,5.127337529,9.245987469,4.888731758,1.994307329,1.123616135,0.4085041486
Madhya Pradesh,Niwari,17.20788232,12.45086431,4.40532345,1.645824929,1.535836177,0.6722689076
Madhya Pradesh,Panna,11.50422661,14.19570238,7.484997032,2.987974476,0.7526262486,0.3449227373
Madhya Pradesh,Raisen,5.638075314,13.3557778,7.292230822,3.03193135,1.085736863,0.5190581908
Madhya Pradesh,Rajgarh,3.926283803,13.2712089,5.911083049,3.669933896,1.101075705,0.6240066918
Madhya Pradesh,Ratlam,3.80791467,18.95788122,9.820547665,3.760520048,1.12394426,0.5064538537
Madhya Pradesh,Rewa,6.928965509,15.32371125,9.075600108,3.607545791,0.8261766625,0.3646666842
Madhya Pradesh,Sagar,2.547186048,10.65286713,9.676832228,4.401379234,1.602790533,0.4006779366
Madhya Pradesh,Satna,8.62727477,13.44511745,6.035863578,1.988308403,0.4479499067,0.2709279883
Madhya Pradesh,Sehore,7.276495197,14.14540793,6.839174997,3.18736306,1.304141978,0.2407590993
Madhya Pradesh,Seoni,5.820646619,8.92938844,5.581612414,2.638848984,1.212290864,0.4637903157
Madhya Pradesh,Shahdol,4.779480999,13.45974119,7.380126408,3.14362424,0.6264391653,0.2103557571
Madhya Pradesh,Shajapur,1.293769834,7.609918064,6.138648353,2.623373579,0.5688308128,0.4543079754
Madhya Pradesh,Sheopur,6.302784615,13.20197939,6.388610387,2.974215923,1.819379873,0.4098655353
Madhya Pradesh,Shivpuri,7.450448812,18.53692308,7.939103687,3.262150398,0.6986574133,0.1746088646
Madhya Pradesh,Sidhi,6.019852706,21.6550891,8.937437934,3.538872249,1.075370248,0.3157567273
Madhya Pradesh,Singrauli,10.3847479,14.3166306,8.267802534,2.836342849,0.362952669,0.1449818365
Madhya Pradesh,Tikamgarh,12.60598604,7.653206651,3.786240678,1.335090778,0.4783283682,0.15868376
Madhya Pradesh,Ujjain,3.765385916,14.50413346,8.940585861,3.233647672,0.7324686879,0.3723274654
Madhya Pradesh,Umaria,6.973632685,16.24721638,9.580916892,4.006417932,0.8427160323,0.3995707469
Madhya Pradesh,Vidisha,6.742067042,9.355736727,4.61990051,2.094351335,0.7539185525,0.3198281376
Maharashtra,Ahmednagar,1.218036792,12.06503112,8.268809311,5.752186349,3.04430317,1.799553107
Maharashtra,Akola,-1.595061365,8.755029755,8.934488797,6.50816681,2.901474731,1.454209938
Maharashtra,Amravati,-2.347162125,9.709070023,9.330833519,6.734765142,3.268360232,1.742587612
Maharashtra,Aurangabad,1.315378011,4.877024641,3.584308783,2.47672113,1.331184576,0.8022561399
Maharashtra,Beed,1.847684608,13.93956985,10.09654404,6.958908041,3.817194564,1.610587135
Maharashtra,Bhandara,5.440125699,4.847506985,1.620950751,1.375701763,1.303354084,0.4200703474
Maharashtra,Buldhana,2.380688183,18.41812575,9.67403811,9.438067402,3.339258253,0.666405469
Maharashtra,Chandrapur,4.283660551,13.00127157,5.817167454,2.729587886,1.404827031,0.8467129171
Maharashtra,Dhule,-0.02212092531,5.256151703,4.575325566,2.581854849,1.089306422,0.6981473831
Maharashtra,Gadchiroli,4.625703645,11.60080926,6.94032937,3.805159718,2.306165254,1.159762959
Maharashtra,Gondia,3.584766006,8.199490069,2.998078828,1.520251809,0.8346879968,0.3647777703
Maharashtra,Hingoli,3.633064437,7.202672097,5.482224491,3.586606189,1.901001682,0.8506533368
Maharashtra,Jalgaon,1.612991773,4.572719331,3.076731974,1.616529165,0.9580771709,0.7218482809
Maharashtra,Jalna,2.844029772,8.383636129,5.455372888,3.585685002,1.472262106,0.7927779977
Maharashtra,Kolhapur,-5.685718631,15.33445814,11.17786661,11.63390866,11.23127384,8.62478225
Maharashtra,Latur,4.127933557,6.893877028,3.866585432,2.235103566,1.103514744,0.5717983992
Maharashtra,Mumbai,1.286178721,2.289806306,1.462071926,1.232500621,0.9446411909,0.7796056753
Maharashtra,Nagpur,5.086432118,4.745336354,2.043668333,1.059791832,0.4434610559,0.2993355316
Maharashtra,Nanded,2.365270859,3.134258774,1.509922841,0.8674045629,0.4414898041,0.244140936
Maharashtra,Nandurbar,4.021912375,3.467005936,2.015752947,0.9340388692,0.4695373763,0.249862925
Maharashtra,Nashik,3.594646322,6.486527792,3.910107531,2.268130449,1.603200506,0.8422144188
Maharashtra,Osmanabad,0.1035390638,10.18033282,9.86464095,7.048905068,3.783964585,2.516041136
Maharashtra,Other State,0,0,0,0,0,0
Maharashtra,Palghar,2.569526856,8.815243991,4.299853019,3.296479818,2.993520769,2.311609635
Maharashtra,Parbhani,5.880451155,10.45226166,5.71093777,4.128702102,1.544845615,0.5452440107
Maharashtra,Pune,2.335732132,6.101239052,3.578590706,2.082849125,1.300044205,0.9432067408
Maharashtra,Raigad,1.256453772,5.623791268,3.854006397,3.382191471,3.039115198,2.930624333
Maharashtra,Ratnagiri,-3.001820801,20.25465291,13.41326918,11.11186735,10.13605488,9.754138124
Maharashtra,Sangli,-1.837352182,13.02941059,10.72318779,8.548120485,6.037586422,5.101309236
Maharashtra,Satara,-1.745475555,12.4213616,8.972491741,10.47709134,8.038221933,4.531301661
Maharashtra,Sindhudurg,-7.219897601,22.51043447,12.66262719,15.02580859,16.40886902,14.69105239
Maharashtra,Solapur,0.6986507861,11.79180178,11.52271616,5.783046217,3.092696,2.049841552
Maharashtra,Thane,1.704128788,2.704472989,1.749503441,1.132945943,0.8789772106,0.6765404132
Maharashtra,Wardha,4.726851154,9.666609667,5.81581431,3.520028954,1.895957106,0.6257000218
Maharashtra,Washim,-0.6078969884,11.72388865,9.723132721,5.972726038,3.19531393,1.270407765
Maharashtra,Yavatmal,3.655699911,9.82226822,7.504389095,6.433932763,2.788980291,1.537225867
Manipur,Churachandpur,0,0,0,0,0,0
Manipur,Unknown,-8.497208904,11.33035477,11.37208536,12.30724212,12.34374148,9.431937088
Meghalaya,East Garo Hills,-12.17105263,8.913857678,13.6519945,23.78214826,15.6440968,17.12111604
Meghalaya,East Jaintia Hills,-12.60162602,16.76356589,20.34854772,19.62487933,11.49412036,8.820184055
Meghalaya,East Khasi Hills,-13.3176451,14.87242937,22.38442314,19.98205665,10.2306635,6.340971787
Meghalaya,North Garo Hills,-34.02597403,16.83070866,53.74894693,45.8630137,27.76108189,29.10908556
Meghalaya,Ribhoi,-21.83561812,22.31222965,30.88348765,29.50135102,11.72610015,5.388611592
Meghalaya,South Garo Hills,-15.95744681,13.74321881,23.90037096,29.64071856,14.58264599,14.71350418
Meghalaya,South West Garo Hills,-41.98838401,41.99057715,53.83658233,48.26098679,26.60483724,16.89169779
Meghalaya,South West Khasi Hills,-50.30120482,10.45454545,44.44444444,111.4909782,59.27256399,30.98393008
Meghalaya,West Garo Hills,-12.47932833,13.20494186,15.74115683,17.10022741,15.23304282,13.38375534
Meghalaya,West Jaintia Hills,-23.22845056,18.1677286,33.76566599,32.07321059,17.61940114,20.24686163
Meghalaya,West Khasi Hills,-18.44293273,29.7497683,33.71428571,23.21047009,18.7947106,14.47080292
Mizoram,Aizawl,-9.794252212,17.68207496,18.08093321,18.2279145,14.31582061,13.36071671
Mizoram,Champhai,-12.94820717,20.25171625,22.35965747,11.19751166,2.657342657,6.675749319
Mizoram,Hnahthial,-1.176470588,1.19047619,2.941176471,0,0,0
Mizoram,Khawzawl,-21.50537634,65.29680365,13.8121547,13.10679612,13.73390558,6.226415094
Mizoram,Kolasib,-11.5656721,16.66086957,19.32021467,12.8185907,18.0952381,15.17254314
Mizoram,Lawngtlai,-10.90196078,4.254694836,4.390655784,26.93448369,27.8462192,14.50407044
Mizoram,Lunglei,-10.00737644,13.30601093,15.16759103,12.73031826,19.33506686,13.36964981
Mizoram,Mamit,11.23809524,14.29794521,4.868913858,6.857142857,6.28342246,4.716981132
Mizoram,Saiha,-2.602230483,49.04580153,11.77976953,16.6093929,17.97642436,16.5695254
Mizoram,Saitual,-11.29411765,35.54376658,26.41878669,16.09907121,14.53333333,13.96973225
Mizoram,Serchhip,2.696177062,24.29467085,10.90794451,14.44002274,11.10283159,2.101497876
Nagaland,Dimapur,-1.349384839,12.85537079,9.855180097,6.676581936,3.803645213,2.026886775
Nagaland,Kiphire,-32.90322581,44.55128205,25.05543237,30.67375887,24.01628223,9.518599562
Nagaland,Kohima,-4.74258252,12.15673243,13.34680135,8.826045627,4.727693584,3.042181864
Nagaland,Longleng,-26.22478386,36.71875,56.85714286,23.13296903,14.9408284,15.31531532
Nagaland,Mokokchung,-24.37446074,19.3953223,25.75250836,28.95136778,37.27165586,48.03605924
Nagaland,Mon,-3.794266442,7.887817704,12.79447604,2.754771336,5.221657613,5.895087427
Nagaland,Peren,-1.741970604,2.382271468,3.327922078,2.068604347,2.103642894,1.331658291
Nagaland,Phek,-45.67757009,30.53763441,49.42339374,66.48291069,31.98675497,12.89513297
Nagaland,Tuensang,-16.57000829,13.15789474,14.08512505,28.34615385,22.23554091,18.55847021
Nagaland,Wokha,-37.16075157,23.58803987,49.46236559,36.69064748,34.34210526,23.31047992
Nagaland,Zunheboto,-23.95382395,13.94686907,32.38967527,28.93081761,17.85365854,12.58278146
Odisha,Angul,-12.28094545,21.18716818,21.75387197,21.73186093,11.7397034,7.74766619
Odisha,Balangir,-2.034208221,15.96609247,14.66737082,7.677517929,3.450312646,2.421032598
Odisha,Balasore,-9.773719208,13.54443756,15.58087291,13.35068721,9.979607209,8.883060767
Odisha,Bargarh,-1.623266564,16.35406796,12.60163149,10.24214132,6.663088151,3.458670313
Odisha,Bhadrak,-9.620759004,13.72260031,20.76895711,14.38506049,10.64632139,10.77324644
Odisha,Boudh,-19.86392345,30.6328857,30.42025946,27.54184287,14.237457,7.61599782
Odisha,Cuttack,-6.736259514,15.03977332,14.28023889,12.7968287,8.743590244,7.008032489
Odisha,Deogarh,-7.717707358,29.26034713,22.83920013,15.95250908,9.586656998,5.574377978
Odisha,Dhenkanal,-18.82754181,17.436601,17.49082745,26.55480463,20.93619947,10.54806062
Odisha,Gajapati,0.6605115348,12.21591589,10.17755773,7.281073857,6.445672192,3.804532194
Odisha,Ganjam,-1.967750901,7.166283116,6.52004772,5.343786521,3.278264166,1.805967076
Odisha,Jagatsinghpur,-8.909793303,11.68142273,15.00734248,13.60566612,11.39141583,9.04088856
Odisha,Jajpur,-7.376144764,14.08405163,13.22543353,14.10475143,12.38605465,11.59014558
Odisha,Jharsuguda,0.252616384,18.09423667,13.4408214,7.650914645,3.609408766,2.067378404
Odisha,Kalahandi,-4.207763283,19.57361123,13.12911234,12.380397,6.628340457,3.201639239
Odisha,Kandhamal,-4.710438442,8.717108674,8.292803876,8.74090773,6.426743546,5.416222797
Odisha,Kendrapara,-7.94460822,10.56108719,9.597293383,12.47904059,12.07783361,10.46711355
Odisha,Kendujhar,-4.172620749,12.35336515,10.9032993,7.669216423,6.601457934,6.123140553
Odisha,Khordha,-3.225631573,13.74152709,11.88038588,9.673644778,7.113594813,5.372529205
Odisha,Koraput,-9.448776408,11.69065284,16.93099815,13.04670211,9.840664386,6.699984382
Odisha,Malkangiri,-6.537530266,8.517747325,10.94823739,9.77336256,9.498598567,7.990363381
Odisha,Mayurbhanj,-8.517823104,9.815046043,15.84314617,14.11929256,10.79359448,8.414602195
Odisha,Nabarangapur,-2.684264293,19.34915598,16.97451296,13.76023094,8.480216374,5.975375737
Odisha,Nayagarh,-8.974687144,19.06138199,18.3164939,15.04397298,11.42634045,7.921306029
Odisha,Nuapada,2.369110283,13.01731753,9.333844588,2.763164994,1.524588335,0.9270033357
Odisha,Puri,-3.831059615,14.43772867,11.82105633,10.8986846,9.372417733,6.956784527
Odisha,Rayagada,-3.725427245,10.20431721,10.77127195,10.22610267,8.641610508,7.040894215
Odisha,Sambalpur,-2.738289165,19.25097427,16.41865691,10.02371607,5.323598631,2.937845648
Odisha,State Pool,-2.586391165,14.99310374,11.91971141,9.772592575,7.077983551,5.223859979
Odisha,Subarnapur,-6.692749191,18.25128238,17.65542316,12.95454893,9.234103068,4.324699639
Odisha,Sundargarh,-1.930169206,23.12356584,14.05759552,9.615105172,5.215728075,3.107137623
Puducherry,Karaikal,-8.921444984,17.87021757,16.95848085,13.66300669,9.164971916,5.791814059
Puducherry,Mahe,0.4821056289,7.300626756,6.505800838,5.635614055,4.318092305,2.879697958
Puducherry,Puducherry,-5.429524907,18.43960344,15.98580275,10.19629149,6.20125109,3.804639096
Puducherry,Yanam,0.6618330545,23.38492225,16.04298886,7.896705621,3.859028309,2.332059487
Punjab,Amritsar,0.4426997,10.40448235,6.797914616,5.034205424,2.536051716,1.796276221
Punjab,Barnala,-4.143789495,10.76407652,12.54756562,8.34272504,4.352928625,2.295266333
Punjab,Bathinda,-0.7802067292,21.93910862,15.32738724,8.123088451,4.055097498,1.986903594
Punjab,Faridkot,-3.668068784,15.86669567,13.04994441,7.690146242,6.037999905,3.560123928
Punjab,Fatehgarh Sahib,-3.313143107,12.82864116,13.1048477,8.982118566,4.28372438,2.754696688
Punjab,Fazilka,-8.055198094,34.84559721,23.08507702,12.63635711,5.436531324,2.648356297
Punjab,Ferozepur,-5.445765467,14.87636738,14.08113858,9.950869431,6.635941466,3.715363858
Punjab,Gurdaspur,-0.9444708923,8.429381828,6.854356791,5.882832233,3.171149743,2.194225579
Punjab,Hoshiarpur,-2.080904231,11.10713472,8.34060496,5.793066915,3.36766915,2.668248437
Punjab,Jalandhar,0.03303721081,9.77548176,7.937279018,5.371809952,3.0793536,1.613632297
Punjab,Kapurthala,-2.658725939,10.31246586,7.345819014,5.06338457,3.437132269,2.295649812
Punjab,Ludhiana,1.73643691,15.26350068,9.271720748,4.777961998,2.445872095,1.317205705
Punjab,Mansa,-3.42925985,30.4534992,15.42595461,12.93029009,6.656402732,2.439426086
Punjab,Moga,-0.08976024566,13.081306,8.990173531,5.61289085,3.714399884,2.360729234
Punjab,Pathankot,-2.170116043,19.57297985,14.08030108,8.682205289,3.535282715,1.603715713
Punjab,Patiala,0.9600832387,11.60584625,7.393999175,4.74150987,2.489497529,1.498496649
Punjab,Rupnagar,-0.9331573636,13.51639396,9.504611476,5.458190438,3.554476871,1.930403861
Punjab,S.A.S. Nagar,1.7852387,12.98561438,7.791466976,4.013976209,1.90225013,0.9759365705
Punjab,Sangrur,-1.311814843,15.90791516,12.84559498,8.579527351,4.861982434,2.705701852
Punjab,Shahid Bhagat Singh Nagar,-0.8492050158,7.08289046,5.794432856,3.776022191,1.930031447,1.19419485
Punjab,Sri Muktsar Sahib,-7.005553182,24.87442026,23.61819778,13.18992494,5.513954494,2.560660982
Punjab,Tarn Taran,-1.402458978,8.423024039,6.609817426,5.328356372,3.331645767,2.20287561
Rajasthan,Ajmer,3.525075802,10.7335979,6.371714801,2.333205922,0.9230164965,0.3815497789
Rajasthan,Alwar,2.898127656,15.41686734,9.74056597,4.160101261,1.885079889,0.9259600117
Rajasthan,Banswara,8.683213637,11.66742307,7.310768631,3.832810677,1.351055603,0.5009717124
Rajasthan,Baran,14.04987071,16.71238089,8.782296846,3.420372382,1.052911203,0.1792328833
Rajasthan,Barmer,-0.352932668,25.00326603,14.26796414,6.265052895,2.249254074,0.9736251403
Rajasthan,Bharatpur,-9.24623435,29.08248421,17.60041232,3.855942303,1.094955358,0.2218918662
Rajasthan,Bhilwara,6.645743623,11.57455683,5.062305296,1.959970348,0.6460962795,0.2037091438
Rajasthan,Bikaner,4.935355312,11.24479016,6.752657667,3.182652498,1.295417837,0.7017342244
Rajasthan,BSF Camp,0,0,0,0,0,0
Rajasthan,Bundi,4.507438384,13.84796978,9.140297765,3.721928791,1.545985749,0.4834316431
Rajasthan,Chittorgarh,12.06582641,25.07730203,10.37542948,3.591955114,1.06198971,0.3430245629
Rajasthan,Churu,4.964102564,31.93696083,13.96574161,5.310211016,1.944691767,0.6909194677
Rajasthan,Dausa,4.537026939,29.19666145,17.85305716,3.56188475,1.458896179,0.7890618207
Rajasthan,Dholpur,8.517069403,10.73147331,4.684312027,2.070484581,0.4865225409,0.1496752697
Rajasthan,Dungarpur,1.999184007,16.65846154,8.011992052,3.6221562,0.998389694,0.1594387755
Rajasthan,Evacuees,0,0,0,0,0,0
Rajasthan,Ganganagar,1.886053877,21.12861351,13.24766198,8.203761543,3.758726175,1.090095402
Rajasthan,Hanumangarh,3.969541109,21.13559045,14.89453029,9.662165768,4.965105074,2.544557577
Rajasthan,Italians,0,0,0,0,0,0
Rajasthan,Jaipur,4.736913673,18.44103812,10.78161109,4.565143616,1.482050925,0.5603967782
Rajasthan,Jaisalmer,-7.1278826,48.90357949,26.91778173,10.10286912,3.609896496,1.463737767
Rajasthan,Jalore,9.753554826,6.652236877,1.569549284,0.5519937901,0.388849178,0.2079120504
Rajasthan,Jhalawar,12.6682058,19.9628231,10.4683935,3.280281861,0.9164697201,0.4302305866
Rajasthan,Jhunjhunu,-5.553418196,29.30591715,22.19148062,8.890059633,3.736759211,1.759399839
Rajasthan,Jodhpur,6.991729404,12.6758143,5.146901821,2.239464311,0.818356992,0.2942384278
Rajasthan,Karauli,6.721941612,25.04241703,11.90011426,4.384453379,1.012880085,0.671845052
Rajasthan,Kota,1.284470592,12.41690282,7.334635065,2.687230271,0.6927034895,0.1091766076
Rajasthan,Nagaur,0.5892840954,9.478459412,6.841195357,3.598397288,1.424734515,0.4253273472
Rajasthan,Other State,0,0,0,0,0,0
Rajasthan,Pali,9.987797133,9.722501573,6.18643266,4.469466627,1.259594883,0.3416454783
Rajasthan,Pratapgarh,13.30102482,16.34654679,8.013113219,5.231209487,1.487433045,0.6739474646
Rajasthan,Rajsamand,3.118889675,18.97793237,10.6377778,3.46332971,1.170180054,0.3512148996
Rajasthan,Sawai Madhopur,7.264519555,17.49893903,7.756441127,2.330940477,0.9458039333,0.1365529176
Rajasthan,Sikar,6.749797664,18.20414243,12.01702852,5.178214912,1.69296365,0.6765239555
Rajasthan,Sirohi,3.616381076,16.12428254,7.719310604,2.57217905,0.7044872544,0.5940447802
Rajasthan,Tonk,3.990293311,15.08695035,8.424430496,3.821511042,1.519328363,1.177214799
Rajasthan,Udaipur,5.229638881,18.09525132,9.172573081,3.800841401,1.248301542,0.4159218149
Sikkim,Unknown,-7.600707578,15.86197236,15.24738376,15.95425987,13.98126181,10.20514358
Tamil Nadu,Airport Quarantine,0.1791003651,0.06876160352,0,0,0,0.006871435443
Tamil Nadu,Ariyalur,-17.28932391,15.94361636,22.2573623,20.8946449,17.04992289,10.45203105
Tamil Nadu,Chengalpattu,-5.626875911,17.89326294,14.50154613,10.51762886,6.241696498,3.991476255
Tamil Nadu,Chennai,-1.43663164,12.84472916,10.37048665,6.809513871,3.541682347,2.126925531
Tamil Nadu,Coimbatore,-15.38369098,20.19576199,20.82256377,20.80793555,15.65281224,9.877756912
Tamil Nadu,Cuddalore,-8.479970881,11.17734658,14.50807064,12.06316038,9.289287429,6.718437797
Tamil Nadu,Dharmapuri,-10.10955402,16.92959955,17.36209777,17.08311542,13.5483444,10.58919517
Tamil Nadu,Dindigul,-7.889547853,13.90137865,13.87955619,13.87079919,9.398327943,6.454318992
Tamil Nadu,Erode,-21.27964936,22.37913611,28.29793372,28.40233415,23.44613954,17.53183177
Tamil Nadu,Kallakurichi,-10.97068082,11.45411624,15.49357869,14.78100675,12.06422881,8.686816554
Tamil Nadu,Kancheepuram,-6.904196207,13.52187936,14.94730253,11.32429177,6.639588703,3.801748037
Tamil Nadu,Kanyakumari,-18.13056725,22.44142083,25.46184933,21.49693507,13.6133584,7.69710164
Tamil Nadu,Karur,-12.55923183,20.16209774,19.19933344,19.17030035,19.31065945,9.85267035
Tamil Nadu,Krishnagiri,-11.63370007,23.17856903,22.84581696,19.24750916,10.65902286,6.828962904
Tamil Nadu,Madurai,-10.36559401,21.74853789,19.33509086,17.46381969,8.897564673,4.170461575
Tamil Nadu,Nagapattinam,-14.98130639,16.95544088,22.59303393,20.7180996,17.81359999,11.34415752
Tamil Nadu,Namakkal,-13.01424984,14.49558553,15.76923613,21.07030253,20.72321011,11.98582203
Tamil Nadu,Nilgiris,-17.09438347,12.44438397,19.54477802,20.66037067,21.95144458,16.81628385
Tamil Nadu,Other State,0,0,0,0,0,0
Tamil Nadu,Perambalur,-31.06182751,35.90759391,35.27077334,33.44497235,23.79618281,11.14882917
Tamil Nadu,Pudukkottai,-10.27505394,11.31193853,15.21195036,14.42150115,10.5120809,6.147335933
Tamil Nadu,Railway Quarantine,0,0,0,0,0,0
Tamil Nadu,Ramanathapuram,-10.09284016,17.69654946,19.38064221,16.15349436,11.82115355,5.691076883
Tamil Nadu,Ranipet,-5.444257262,11.86059793,12.58365983,12.80580079,8.960532755,6.224885103
Tamil Nadu,Salem,-6.374886433,9.835254571,10.39644982,11.51201626,13.69712975,10.62616678
Tamil Nadu,Sivaganga,-8.444301009,13.17108308,14.28706851,12.77949593,10.15045494,6.447028301
Tamil Nadu,Tenkasi,-11.56784708,16.39674562,18.79827276,16.27507345,11.22242578,6.942054633
Tamil Nadu,Thanjavur,-12.14695887,15.95719028,15.87135139,17.4712275,14.09002848,11.46412067
Tamil Nadu,Theni,-9.447719066,14.52399544,17.27826524,14.1641966,10.42288443,6.030490778
Tamil Nadu,Thiruvallur,-5.701468107,14.36521866,15.28720663,10.71077384,6.129121291,3.182013731
Tamil Nadu,Thiruvarur,-14.77909216,13.39083147,20.96742169,21.20048989,14.79133678,8.727158875
Tamil Nadu,Thoothukkudi,-7.783739206,19.67410011,20.2126273,14.14429815,8.744660843,4.819985733
Tamil Nadu,Tiruchirappalli,-17.55511144,22.98259327,28.12255765,22.53325692,14.31717037,6.764753033
Tamil Nadu,Tirunelveli,-2.021174679,18.15164142,13.02375324,9.4307954,6.283733937,3.842155559
Tamil Nadu,Tirupathur,-19.03726578,22.36161021,28.59308736,21.43228158,13.29811792,7.806076587
Tamil Nadu,Tiruppur,-18.87378166,15.9350811,24.01885542,28.56302288,19.12810639,11.24206789
Tamil Nadu,Tiruvannamalai,-11.70353244,14.90327095,13.84010137,17.43829358,9.589936885,6.294207961
Tamil Nadu,Vellore,-3.753923821,13.05749158,10.42057008,9.019692341,6.561727959,4.023422492
Tamil Nadu,Viluppuram,-8.42061708,15.35515109,13.75431869,14.48555145,13.56486843,8.583636701
Tamil Nadu,Virudhunagar,-13.34619825,14.68196369,15.60876375,21.48081124,12.67895428,6.928274049
Telangana,Unknown,2.482727704,8.065438337,5.388571829,4.264414002,3.217665488,2.265920986
Tripura,Dhalai,-4.315761749,4.526150216,3.611602272,6.666424603,7.580760459,5.641690925
Tripura,Gomati,-4.341059042,2.217741935,4.249281982,6.64852126,6.417678182,5.729410388
Tripura,Khowai,-6.631225518,3.12406353,6.487468216,9.626142721,10.29311096,14.99181854
Tripura,North Tripura,-6.791269,8.509125385,11.30624727,9.553340137,7.9714818,7.664996516
Tripura,Sipahijala,-9.04757778,5.302525012,11.6771479,13.30821585,8.305624084,9.17403935
Tripura,South Tripura,-9.675754448,4.910759302,11.44752018,13.71280724,10.35014537,7.558019657
Tripura,Unokoti,-9.754490755,7.231847382,12.74847962,12.17244294,10.77618689,8.982831228
Tripura,West Tripura,-9.741587829,10.14423773,15.41944575,13.38471806,10.59730527,7.440677086
Uttar Pradesh,Agra,8.296581202,7.03788763,3.224842011,1.196594788,0.580279477,0.575815739
Uttar Pradesh,Aligarh,4.888002875,12.03514124,5.433761695,1.499226562,0.7211914627,0.3066759435
Uttar Pradesh,Ambedkar Nagar,-2.221045064,12.02306323,12.10404504,4.782300558,1.682105573,0.7201318796
Uttar Pradesh,Amethi,2.484413197,13.71856509,7.74484138,2.917207449,1.136446954,0.4262722923
Uttar Pradesh,Amroha,18.29739599,17.83638248,6.406248506,2.673806401,1.080697947,0.380909508
Uttar Pradesh,Auraiya,4.721774693,11.25612849,4.747143204,1.485521964,0.4088284064,0.1822271575
Uttar Pradesh,Ayodhya,2.661192848,9.14986907,5.208246157,2.145092008,1.406086407,0.5298906087
Uttar Pradesh,Azamgarh,12.8359666,12.41019372,2.491278851,1.418601804,0.3677979606,-0.1748055489
Uttar Pradesh,Baghpat,5.492785911,24.66121936,16.33591481,7.031412523,2.494331066,1.183628319
Uttar Pradesh,Bahraich,4.457187541,12.28945727,6.527777778,2.382007823,1.120633667,0.6397420882
Uttar Pradesh,Ballia,6.025426592,12.08405216,3.842420545,0.458023422,0.1734680314,0.1977163103
Uttar Pradesh,Balrampur,3.183243902,12.27735209,10.8363913,3.421822953,0.8413039235,0.5574804979
Uttar Pradesh,Banda,10.88651034,8.802334321,2.773940133,0.657634624,0.2618589366,0.1449521397
Uttar Pradesh,Barabanki,4.091601965,8.717061599,5.043717999,2.239169722,0.9403032148,0.3749427776
Uttar Pradesh,Bareilly,8.88451376,13.57184783,4.166478784,1.376896771,0.5350667437,0.2169388749
Uttar Pradesh,Basti,2.979092189,10.94045866,6.33280052,2.504554314,0.8562941973,0.5508182177
Uttar Pradesh,Bhadohi,4.994739972,8.296667393,4.233793922,2.745832047,0.8338497944,0.184388445
Uttar Pradesh,Bijnor,5.081263091,16.68537979,6.708615787,2.754868386,1.203940168,0.4169995518
Uttar Pradesh,Budaun,13.54196712,21.08471993,6.004405748,2.103825677,0.7327001357,0.2713208128
Uttar Pradesh,Bulandshahr,-0.5470377691,20.85772912,13.35845971,6.391637784,2.374757697,0.7977019273
Uttar Pradesh,Chandauli,9.483721236,8.344249018,2.707791129,0.8877866437,0.3820941252,0.2422252784
Uttar Pradesh,Chitrakoot,11.87244696,11.55241461,3.264771719,1,0.3867257891,0.1270673659
Uttar Pradesh,Deoria,6.010063948,19.39123642,10.92750886,3.66399104,0.9471879682,0.4745017731
Uttar Pradesh,Etah,12.89748001,14.27470104,6.584665589,1.570595855,0.5898294277,0.2276329059
Uttar Pradesh,Etawah,7.724782179,8.603828424,3.731326913,1.630434783,0.6003037933,0.4767568127
Uttar Pradesh,Farrukhabad,0.06873206523,11.72793928,6.502528163,2.7562123,0.8538366476,0.4177342096
Uttar Pradesh,Fatehpur,5.06499011,3.415585289,1.508354463,0.4995836803,0.4121258471,0.1438635835
Uttar Pradesh,Firozabad,5.028576128,9.559974945,4.822053884,2.038485794,0.8602401991,0.3312245371
Uttar Pradesh,Gautam Buddha Nagar,10.24509358,14.67877909,5.669784867,1.904040131,0.8019543464,0.5162209883
Uttar Pradesh,Ghaziabad,6.897972032,9.967640176,5.542641621,3.277201828,0.9167862304,0.3532315246
Uttar Pradesh,Ghazipur,6.407066758,12.05722293,5.070230029,2.547017063,1.217249313,0.4473124588
Uttar Pradesh,Gonda,4.120570787,10.74838312,4.230710891,1.775427788,0.8591208608,0.5481782524
Uttar Pradesh,Gorakhpur,4.588932705,12.34217278,7.113802373,3.800815275,0.7204593356,0.3086726591
Uttar Pradesh,Hamirpur,21.0034615,8.581974777,1.983002833,0.7666666667,0.25912449,0.1374759417
Uttar Pradesh,Hapur,2.096556381,23.55246189,9.776921327,3.711920812,2.324925363,0.7294155486
Uttar Pradesh,Hardoi,8.033077377,5.784819455,3.533668161,1.96752979,1.271831331,0.5097000652
Uttar Pradesh,Hathras,3.426644182,16.8786278,7.60002232,2.33884769,0.7753116449,1.327500377
Uttar Pradesh,Jalaun,10.15492028,18.63776114,5.846157935,0.9919015632,0.5383228694,0.4624820695
Uttar Pradesh,Jaunpur,6.90372236,9.556247869,5.21621029,3.627110212,1.25668241,0.4997661351
Uttar Pradesh,Jhansi,12.09470629,10.98559909,2.76417881,1.437590325,0.502794178,0.1935929757
Uttar Pradesh,Kannauj,11.47230889,7.335164355,2.879913945,1.13904599,0.4088217788,0.1903187058
Uttar Pradesh,Kanpur Dehat,9.742259223,8.887791951,2.302443214,0.3428411503,-0.153402752,0.06750779831
Uttar Pradesh,Kanpur Nagar,8.637019738,4.939948794,1.59243031,0.6423911655,0.30036193,0.2375585226
Uttar Pradesh,Kasganj,9.004588615,14.45004793,4.985433358,1.33892955,0.4518226938,0.8007632807
Uttar Pradesh,Kaushambi,5.580124402,2.543844713,1.647183847,0.2548353372,0.2313758717,0.1040413564
Uttar Pradesh,Kushinagar,1.336786699,29.75238409,9.264397518,3.115125904,1.118547205,0.9091078101
Uttar Pradesh,Lakhimpur Kheri,9.032546327,11.66540853,4.75531319,2.113615272,1.413816764,0.5768717173
Uttar Pradesh,Lalitpur,14.41011031,9.142105532,2.38337604,0.940528433,0.5173955869,0.1802126509
Uttar Pradesh,Lucknow,6.218525411,4.56325929,1.724995557,0.7067268579,0.2342838829,0.1261538813
Uttar Pradesh,Maharajganj,0.1750402119,18.63833137,10.03250846,2.428671346,0.8194019308,0.4530804802
Uttar Pradesh,Mahoba,16.26056025,9.882586912,1.768125022,1.197031362,0.6962046707,0.157744588
Uttar Pradesh,Mainpuri,8.818007804,8.96605382,4.634918664,1.434505266,0.6098541907,1.050963747
Uttar Pradesh,Mathura,7.83908155,13.57593461,7.620442027,1.369093893,0.3763509579,-0.03254195082
Uttar Pradesh,Mau,7.198452039,7.420853023,3.305894347,2.538516366,1.240509036,1.850286962
Uttar Pradesh,Meerut,4.212793726,20.26981347,7.592271346,2.618895186,0.7104703084,0.2461334466
Uttar Pradesh,Mirzapur,7.056502525,8.130500803,2.749979549,1.101336199,0.5958552623,0.4814278445
Uttar Pradesh,Moradabad,13.99242903,14.95676623,5.20093914,1.234742694,0.3426447315,0.07555723461
Uttar Pradesh,Muzaffarnagar,4.69159259,21.3956081,8.387882153,3.583673228,1.61785057,0.6954291678
Uttar Pradesh,Pilibhit,6.567451358,23.45149047,8.557314907,2.624379648,1.519089082,1.287870791
Uttar Pradesh,Pratapgarh,10.68493151,13.77557756,4.409119916,1.988294345,0.6955479483,0.4535822174
Uttar Pradesh,Prayagraj,5.504811963,3.285237335,1.424344466,0.593256351,0.3118680677,0.1986600972
Uttar Pradesh,Rae Bareli,6.30913851,5.412113749,4.191462551,2.104556931,1.375559821,0.7692766923
Uttar Pradesh,Rampur,10.56313172,10.13727254,4.422924901,2.021272569,0.9930867312,0.529009821
Uttar Pradesh,Saharanpur,6.766592054,26.39922314,9.249696001,5.11766103,1.707012352,0.3214719757
Uttar Pradesh,Sambhal,12.24043943,12.92056724,5.033243044,2.067801379,0.7702437829,0.2233804914
Uttar Pradesh,Sant Kabir Nagar,2.888424051,9.542347954,7.864081504,2.445497977,0.830846749,0.5511057556
Uttar Pradesh,Shahjahanpur,8.29470507,15.32419348,8.45659492,1.933929502,0.5011037058,0.2288216392
Uttar Pradesh,Shamli,6.599352126,22.66511493,10.01344086,4.960053661,1.809923769,0.8272244267
Uttar Pradesh,Shrawasti,7.406580651,15.46263197,6.883144935,2.472212866,0.8841703918,0.615775584
Uttar Pradesh,Siddharthnagar,4.749260145,12.28012462,5.146235114,3.340490747,1.919203134,0.9570941687
Uttar Pradesh,Sitapur,3.321900314,11.31782289,5.649531109,2.067143115,0.6919600828,0.404375672
Uttar Pradesh,Sonbhadra,8.641348161,9.835532334,4.686545616,2.287876377,0.8487027466,0.3882147265
Uttar Pradesh,Sultanpur,4.868676875,6.254182437,4.274386718,1.53273397,0.4768684662,0.4086069512
Uttar Pradesh,Unnao,13.29362049,9.482293726,3.685042279,1.779510882,0.7127784747,0.4045573042
Uttar Pradesh,Varanasi,6.392147425,7.260211739,3.59393374,1.726689945,0.650021283,0.2712693722
Uttarakhand,Almora,-4.705579289,24.56353765,20.36350484,11.62797686,6.39486365,3.487886647
Uttarakhand,Bageshwar,-0.1088757396,24.32470856,22.47379455,12.99990663,5.227498072,1.520703554
Uttarakhand,Chamoli,-5.102938967,25.13799656,23.03131101,13.40660632,6.153148484,1.855264925
Uttarakhand,Champawat,6.124080056,27.10869838,14.13089096,6.997469231,2.30663486,1.122374375
Uttarakhand,Dehradun,7.877868379,22.03100625,8.603731396,3.640711721,1.679517581,0.8257569111
Uttarakhand,Haridwar,1.866980614,15.05723969,10.2056468,5.142045979,2.282598191,1.131291035
Uttarakhand,Nainital,4.435398898,19.03993203,9.1704732,5.925617201,2.721072691,1.079650006
Uttarakhand,Pauri Garhwal,-1.839598538,21.40902599,18.2505827,8.183643869,3.276955603,0.8770834894
Uttarakhand,Pithoragarh,-6.746031746,23.49485244,17.33543783,13.20361494,9.728870293,3.12371307
Uttarakhand,Rudraprayag,-12.24623445,35.58280028,30.09986109,13.69139956,3.92678043,1.159440059
Uttarakhand,Tehri Garhwal,-4.364602442,29.55056551,21.07291919,9.517484213,3.428791452,1.35880946
Uttarakhand,Udham Singh Nagar,2.658629519,25.82616271,10.74209673,8.178559652,2.665758815,0.6836453373
Uttarakhand,Uttarkashi,-6.085272117,41.71237987,19.37941286,5.84695201,2.824477992,0.8675652164
West Bengal,Alipurduar,-5.965982763,6.998248005,8.684314261,10.812432,9.583695255,6.717978173
West Bengal,Bankura,-6.606906708,16.16637837,17.12041776,16.1670875,7.399375919,4.245325497
West Bengal,Birbhum,2.387149673,20.15091825,10.21542893,6.990920935,2.970988104,1.738454511
West Bengal,Cooch Behar,-5.486055632,11.63107897,11.16952624,10.17654935,8.644369042,6.992473424
West Bengal,Dakshin Dinajpur,-2.746760232,14.24414394,9.216850112,7.951499546,6.237719581,3.234325254
West Bengal,Darjeeling,-6.539124747,16.08374554,15.07837191,13.13722611,8.380309605,5.818819729
West Bengal,Hooghly,-5.147429599,15.82159468,15.50443917,11.29007353,5.79334295,3.733533916
West Bengal,Howrah,-4.560132898,14.05805849,13.14196377,10.79861044,6.571240401,3.284201253
West Bengal,Jalpaiguri,-9.436362297,13.04167837,13.71668105,16.36772461,11.30351416,8.819141662
West Bengal,Jhargram,-13.30652161,23.37549645,22.64181567,18.28087434,11.53379953,7.065708076
West Bengal,Kalimpong,-6.51422494,12.44311718,13.16976519,15.52244366,10.06707081,6.319212515
West Bengal,Kolkata,-0.4715933283,12.82816051,10.72920211,7.380987701,3.405825698,1.536762002
West Bengal,Malda,3.838771593,11.84203707,6.470812353,4.203216728,2.594136046,1.611662958
West Bengal,Murshidabad,-0.04665353001,14.4509203,11.00575777,6.574755761,3.316127511,1.415846061
West Bengal,Nadia,-5.608224958,18.7554712,16.35273051,13.2818654,7.313409567,4.477921695
West Bengal,North 24 Parganas,-2.369271485,14.00292636,12.64683888,9.666441334,5.626077086,3.00686851
West Bengal,Other State,0,0,0,0,0,0
West Bengal,Paschim Bardhaman,-0.4563973826,18.28957214,13.76590242,9.89010989,4.511601901,1.981339511
West Bengal,Paschim Medinipur,-11.14050736,20.06510483,19.14818244,12.02254897,7.469442066,4.77567216
West Bengal,Purba Bardhaman,-4.172149123,20.57135229,14.92523936,11.01563898,5.54189584,2.977243896
West Bengal,Purba Medinipur,-5.625122158,17.8936323,15.40770756,12.03180971,7.150599481,6.036868177
West Bengal,Purulia,3.904893449,10.48823563,6.355917638,3.738687783,1.69643344,1.021713323
West Bengal,South 24 Parganas,-4.549413092,13.11730325,13.04002793,11.02477443,6.80262119,3.166956758
West Bengal,Uttar Dinajpur,-2.075198579,16.85899904,13.85596598,9.576136682,5.635314867,3.335995031