	District	State	avg_cases_over_7_days	avg_cases_previous_week	Increase	Rate_of_Increase
0	Agar Malwa	Madhya Pradesh	3303.0	3303.0	0.0	0.0
1	Agra	Uttar Pradesh	25723.285714285714	25720.0	3.285714285713766	0.012774938902464098
2	Ahmedabad	Gujarat	237952.42857142858	237909.85714285713	42.57142857144936	0.017893932215631823
3	Ahmednagar	Maharashtra	284271.5714285714	278631.85714285716	5639.714285714261	2.0240737522065637
5	Aizawl	Mizoram	24751.571428571428	19917.714285714286	4833.857142857141	24.269135873307313
6	Ajmer	Rajasthan	37700.142857142855	37694.57142857143	5.571428571427532	0.014780453418829814
7	Akola	Maharashtra	59058.71428571428	59027.57142857143	31.142857142855064	0.052759848303331726
8	Alappuzha	Kerala	223074.57142857142	216201.57142857142	6873.0	3.1789778189797753
9	Aligarh	Uttar Pradesh	21276.0	21276.285714285714	-0.285714285713766	-0.0013428767104867673
10	Alipurduar	West Bengal	14818.0	14679.285714285714	138.71428571428623	0.9449661816943251
11	Alirajpur	Madhya Pradesh	3501.0	3501.0	0.0	0.0
12	Almora	Uttarakhand	12107.142857142857	12079.857142857143	27.285714285713766	0.22587778947243506
13	Alwar	Rajasthan	59640.857142857145	59630.57142857143	10.285714285717404	0.017249062082254508
14	Ambala	Haryana	30092.428571428572	30087.0	5.428571428572468	0.01804291364566912
15	Ambedkar Nagar	Uttar Pradesh	5027.714285714285	5026.714285714285	1.0	0.019893710745445763
16	Amethi	Uttar Pradesh	9957.285714285714	9955.714285714286	1.571428571427532	0.01578418711435317
17	Amravati	Maharashtra	94732.85714285714	94580.0	152.85714285714494	0.16161677189378826
18	Amreli	Gujarat	10797.857142857143	10789.142857142857	8.714285714286234	0.08076902706424931
19	Amritsar	Punjab	47055.142857142855	47020.57142857143	34.57142857142753	0.07352405026371216
20	Amroha	Uttar Pradesh	16608.14285714286	16607.285714285714	0.857142857144936	0.005161245924778756
21	Anand	Gujarat	9613.285714285714	9608.0	5.285714285713766	0.055013679076954265
22	Anantapur	Andhra Pradesh	156164.57142857142	155809.57142857142	355.0	0.2278422286545756
23	Anantnag	Jammu and Kashmir	16318.285714285714	16298.142857142857	20.142857142856883	0.12358989192458228
24	Angul	Odisha	42434.42857142857	41929.142857142855	505.2857142857174	1.2050943087658166
25	Anjaw	Arunachal Pradesh	926.7142857142857	879.0	47.714285714285666	5.428246383877778
26	Anuppur	Madhya Pradesh	9229.0	9229.0	0.0	0.0
27	Araria	Bihar	14941.57142857143	14931.285714285714	10.285714285715585	0.06888699662263234
28	Aravalli	Gujarat	5183.0	5183.0	0.0	0.0
29	Ariyalur	Tamil Nadu	15727.714285714286	15585.857142857143	141.85714285714312	0.9101658096626078
30	Arwal	Bihar	7368.0	7362.285714285715	5.7142857142853245	0.0776156473144933
31	Ashoknagar	Madhya Pradesh	3670.0	3670.0	0.0	0.0
32	Auraiya	Uttar Pradesh	10077.0	10075.714285714286	1.285714285713766	0.012760527435128828
33	Aurangabad	Bihar	19987.14285714286	19975.0	12.142857142858702	0.06079027355623881
34	Aurangabad	Maharashtra	153902.2857142857	153493.0	409.2857142857101	0.26664780432052937
35	Ayodhya	Uttar Pradesh	16908.714285714286	16904.0	4.714285714286234	0.027888580893789837
36	Azamgarh	Uttar Pradesh	17888.714285714286	17886.571428571428	2.142857142858702	0.011980256537235369
38	Bagalkote	Karnataka	35087.71428571428	35069.42857142857	18.285714285710128	0.05214146631578619
39	Bageshwar	Uttarakhand	5685.857142857143	5676.571428571428	9.285714285714675	0.1635796255284949
40	Baghpat	Uttar Pradesh	9124.857142857143	9120.714285714286	4.142857142856883	0.04542250763567731
41	Bahraich	Uttar Pradesh	11542.42857142857	11541.0	1.428571428570649	0.01237822917052811
42	Balaghat	Madhya Pradesh	9088.714285714286	9087.57142857143	1.142857142856883	0.012576045776803766
43	Balangir	Odisha	23160.571428571428	23116.85714285714	43.714285714286234	0.18910133606891918
44	Balasore	Odisha	37808.57142857143	37150.142857142855	658.4285714285725	1.7723446554714295
45	Ballari	Karnataka	97392.71428571429	97337.85714285714	54.857142857144936	0.05635745892436719
46	Ballia	Uttar Pradesh	21605.14285714286	21602.0	3.142857142858702	0.014548917428287667
47	Balod	Chhattisgarh	27235.14285714286	27210.14285714286	25.0	0.09187750366197478
48	Baloda Bazar	Chhattisgarh	42868.0	42813.142857142855	54.857142857144936	0.12813154838968493
49	Balrampur	Chhattisgarh	20248.285714285714	20230.571428571428	17.714285714286234	0.08756196421258043
50	Balrampur	Uttar Pradesh	7484.285714285715	7482.0	2.2857142857146755	0.030549509298512103
51	Bametara	Chhattisgarh	19939.285714285714	19936.14285714286	3.142857142855064	0.015764619893506727
52	Banaskantha	Gujarat	13629.57142857143	13628.857142857143	0.714285714286234	0.005240980272954066
53	Banda	Uttar Pradesh	10983.285714285714	10981.857142857143	1.428571428570649	0.013008468512994866
54	Bandipora	Jammu and Kashmir	9465.714285714286	9452.285714285714	13.428571428572468	0.1420669225886517
55	Banka	Bihar	7373.857142857143	7368.857142857143	5.0	0.06785312705982707
56	Bankura	West Bengal	34447.28571428572	34247.71428571428	199.5714285714348	0.5827291915206203
57	Banswara	Rajasthan	10002.0	9996.714285714286	5.285714285713766	0.052874515912366006
58	Barabanki	Uttar Pradesh	19825.428571428572	19819.85714285714	5.57142857143117	0.02811033667535314
59	Baramulla	Jammu and Kashmir	23594.428571428572	23512.428571428572	82.0	0.34875172401222454
60	Baran	Rajasthan	11992.0	11991.714285714286	0.285714285713766	0.0023825975077986727
61	Bareilly	Uttar Pradesh	43964.71428571428	43961.28571428572	3.428571428565192	0.007799069960892975
62	Bargarh	Odisha	30689.85714285714	30602.285714285714	87.57142857142753	0.28615976397654364
63	Barmer	Rajasthan	15544.42857142857	15540.0	4.428571428570649	0.028497885640737766
64	Barnala	Punjab	5903.428571428572	5894.571428571428	8.857142857143117	0.1502593185012889
65	Barwani	Madhya Pradesh	8360.42857142857	8359.142857142857	1.285714285713766	0.015380934477212909
66	Bastar	Chhattisgarh	20762.571428571428	20669.428571428572	93.14285714285506	0.4506310216606897
67	Basti	Uttar Pradesh	11712.285714285714	11712.0	0.285714285713766	0.002439500390315625
68	Bathinda	Punjab	41503.0	41472.42857142857	30.571428571427532	0.07371506715304582
69	Beed	Maharashtra	97572.71428571429	96742.42857142857	830.2857142857247	0.8582436130107004
70	Begusarai	Bihar	27154.85714285714	27131.714285714286	23.142857142855064	0.08529817504027203
71	Belagavi	Karnataka	78133.71428571429	77770.28571428571	363.42857142857974	0.4673103205043532
72	Bengaluru Rural	Karnataka	60880.142857142855	60690.28571428572	189.85714285713766	0.31282954203072355
73	Bengaluru Urban	Karnataka	1226457.7142857143	1223647.2857142857	2810.428571428638	0.22967636215431905
74	Betul	Madhya Pradesh	12898.142857142857	12898.0	0.142857142856883	0.00110759143167067
75	Bhadohi	Uttar Pradesh	7716.0	7714.571428571428	1.4285714285715585	0.018517832672865654
76	Bhadrak	Odisha	25229.0	24759.428571428572	469.57142857142753	1.8965358074268923
77	Bhagalpur	Bihar	25808.285714285714	25796.285714285714	12.0	0.046518324897272034
78	Bhandara	Maharashtra	60054.57142857143	60077.857142857145	-23.285714285717404	-0.03875922909558355
79	Bharatpur	Rajasthan	19589.0	19588.571428571428	0.428571428572468	0.0021878646441126576
80	Bharuch	Gujarat	11421.714285714286	11418.42857142857	3.285714285715585	0.028775538290243964
81	Bhavnagar	Gujarat	21409.285714285714	21407.0	2.285714285713766	0.01067741526469737
82	Bhilwara	Rajasthan	29773.0	29772.0	1.0	0.0033588606744592237
83	Bhind	Madhya Pradesh	2994.0	2994.0	0.0	0.0
84	Bhiwani	Haryana	22388.85714285714	22387.285714285714	1.571428571427532	0.007019290285935719
85	Bhojpur	Bihar	10156.142857142857	10145.42857142857	10.714285714286234	0.10560702920386894
86	Bhopal	Madhya Pradesh	123296.71428571429	123277.0	19.714285714289872	0.015991860374838674
87	Bidar	Karnataka	24261.571428571428	24253.0	8.571428571427532	0.03534172502959441
88	Bijapur	Chhattisgarh	8191.285714285715	8128.571428571428	62.714285714286234	0.7715289982425372
89	Bijnor	Uttar Pradesh	14786.0	14782.714285714286	3.285714285713766	0.02222673199392762
90	Bikaner	Rajasthan	40303.42857142857	40298.42857142857	5.0	0.012407431697088507
91	Bilaspur	Chhattisgarh	65369.0	65308.28571428572	60.714285714282596	0.09296567051215951
92	Bilaspur	Himachal Pradesh	12894.0	12847.57142857143	46.42857142857065	0.36138013854757933
93	Birbhum	West Bengal	40296.857142857145	40240.0	56.857142857144936	0.1412950866231236
94	Bokaro	Jharkhand	19376.85714285714	19334.428571428572	42.42857142856883	0.21944569642605108
95	Botad	Gujarat	2218.0	2218.0	0.0	0.0
96	Boudh	Odisha	12497.57142857143	12464.714285714286	32.85714285714312	0.26360125153290065
97	Budaun	Uttar Pradesh	14922.714285714286	14921.857142857143	0.857142857143117	0.0057442103146887295
98	Budgam	Jammu and Kashmir	22876.428571428572	22825.85714285714	50.57142857143117	0.2215532510123345
99	Bulandshahr	Uttar Pradesh	20198.571428571428	20192.0	6.571428571427532	0.03254471360651511
100	Buldhana	Maharashtra	84543.14285714286	84436.85714285714	106.28571428571013	0.12587597156285352
101	Bundi	Rajasthan	7967.0	7967.0	0.0	0.0
102	Burhanpur	Madhya Pradesh	2568.0	2568.0	0.0	0.0
103	Buxar	Bihar	9243.57142857143	9242.42857142857	1.142857142858702	0.012365333786745777
105	Chamarajanagara	Karnataka	32237.85714285714	32033.285714285714	204.57142857142753	0.6386214339548563
106	Chamba	Himachal Pradesh	12023.857142857143	11832.714285714286	191.14285714285688	1.6153762571080155
107	Chamoli	Uttarakhand	12110.285714285714	12102.857142857143	7.428571428570649	0.06137865911236372
108	Champawat	Uttarakhand	7532.857142857143	7525.571428571428	7.2857142857146755	0.09681277169271005
109	Champhai	Mizoram	459.42857142857144	353.14285714285717	106.28571428571428	30.097087378640776
110	Chandauli	Uttar Pradesh	16194.714285714286	16190.57142857143	4.142857142856883	0.0255880847759703
111	Chandigarh	Chandigarh	61945.57142857143	61913.71428571428	31.857142857144936	0.05145409740745521
112	Chandrapur	Maharashtra	88544.0	88385.71428571429	158.28571428571013	0.17908517860028622
113	Changlang	Arunachal Pradesh	3513.714285714286	3418.5714285714284	95.14285714285734	2.78311742582533
114	Charkhi Dadri	Haryana	5066.714285714285	5066.0	0.7142857142853245	0.01409959957136448
115	Chatra	Jharkhand	6020.571428571428	6019.0	1.5714285714284415	0.02610780148576909
116	Chengalpattu	Tamil Nadu	161740.2857142857	161002.0	738.2857142857101	0.45855685909846466
117	Chennai	Tamil Nadu	537763.1428571428	536749.0	1014.1428571428405	0.18894173200934525
118	Chhatarpur	Madhya Pradesh	7602.285714285715	7601.0	1.2857142857146755	0.016915067566302795
119	Chhindwara	Madhya Pradesh	6732.0	6732.0	0.0	0.0
120	Chhota Udaipur	Gujarat	3395.0	3395.0	0.0	0.0
121	Chikkaballapura	Karnataka	43662.42857142857	43562.142857142855	100.2857142857174	0.23021299621231472
122	Chikkamagaluru	Karnataka	48195.71428571428	47755.42857142857	440.2857142857101	0.9219595079691676
123	Chitradurga	Karnataka	35836.71428571428	35698.57142857143	138.14285714285506	0.38697026691743786
124	Chitrakoot	Uttar Pradesh	7105.285714285715	7103.714285714285	1.571428571429351	0.02212122430922547
125	Chittoor	Andhra Pradesh	230398.14285714287	228221.85714285713	2176.2857142857392	0.9535833865918799
126	Chittorgarh	Rajasthan	19809.0	19808.428571428572	0.571428571427532	0.002884774879375103
127	Churachandpur	Manipur	0.0	0.0	0.0	
128	Churu	Rajasthan	16719.0	16718.0	1.0	0.005981576743629621
129	Coimbatore	Tamil Nadu	228919.85714285713	227638.7142857143	1281.1428571428405	0.56279656171966
130	Cooch Behar	West Bengal	27472.85714285714	27191.85714285714	281.0	1.0333976032740895
131	Cuddalore	Tamil Nadu	60311.57142857143	59816.857142857145	494.7142857142826	0.8270482759279463
132	Cuttack	Odisha	86154.42857142857	84541.14285714286	1613.2857142857101	1.9082847235834404
133	Dadra and Nagar Haveli	Dadra and Nagar Haveli and Daman and Diu	5898.714285714285	5887.857142857143	10.857142857142208	0.18439888390148113
134	Dahod	Gujarat	9939.57142857143	9928.285714285714	11.285714285715585	0.1136723358945712
135	Dakshin Bastar Dantewada	Chhattisgarh	10712.714285714286	10686.142857142857	26.57142857142935	0.24865312888521243
136	Dakshin Dinajpur	West Bengal	16884.85714285714	16848.571428571428	36.285714285713766	0.2153637442767478
137	Dakshina Kannada	Karnataka	99669.42857142857	97682.71428571429	1986.7142857142753	2.0338442683966496
138	Daman	Dadra and Nagar Haveli and Daman and Diu	3529.8571428571427	3521.0	8.857142857142662	0.25155191301172003
139	Damoh	Madhya Pradesh	8094.571428571428	8094.0	0.5714285714284415	0.007059903279323469
140	Dang	Gujarat	864.0	863.0	1.0	0.11587485515643105
141	Darbhanga	Bihar	10874.57142857143	10859.57142857143	15.0	0.13812699790836258
142	Darjeeling	West Bengal	53238.142857142855	52708.142857142855	530.0	1.005537230625791
143	Datia	Madhya Pradesh	6958.0	6958.0	0.0	0.0
144	Dausa	Rajasthan	13348.857142857143	13348.0	0.857142857143117	0.006421507770026348
145	Davanagere	Karnataka	50367.857142857145	50261.142857142855	106.71428571428987	0.21231965619564935
146	Dehradun	Uttarakhand	111844.85714285714	111773.14285714286	71.71428571428987	0.06416057013440862
148	Deogarh	Odisha	6141.571428571428	6096.571428571428	45.0	0.7381197862967476
149	Deoghar	Jharkhand	10774.857142857143	10762.285714285714	12.571428571429351	0.11681002442392144
150	Deoria	Uttar Pradesh	20204.85714285714	20199.0	5.857142857141298	0.028997192223086776
151	Devbhumi Dwarka	Gujarat	4172.0	4171.0	1.0	0.02397506593143131
152	Dewas	Madhya Pradesh	7723.0	7723.0	0.0	0.0
153	Dhalai	Tripura	6677.857142857143	6512.714285714285	165.1428571428578	2.535699401171345
154	Dhamtari	Chhattisgarh	27153.85714285714	27125.0	28.857142857141298	0.10638578011849327
155	Dhanbad	Jharkhand	16474.0	16455.571428571428	18.428571428572468	0.11198986014290191
156	Dhar	Madhya Pradesh	12529.0	12529.0	0.0	0.0
157	Dharmapuri	Tamil Nadu	26045.714285714286	25815.285714285714	230.42857142857247	0.8926051564134247
158	Dharwad	Karnataka	60459.857142857145	60395.0	64.85714285714494	0.10738826534836482
159	Dhenkanal	Odisha	18994.0	18703.85714285714	290.1428571428587	1.5512461142468787
160	Dholpur	Rajasthan	11004.57142857143	11004.0	0.571428571429351	0.005192916861408133
161	Dhule	Maharashtra	46231.857142857145	46145.0	86.85714285714494	0.1882265529464621
162	Dibrugarh	Assam	0.0	0.0	0.0	
163	Dimapur	Nagaland	12997.142857142857	12791.142857142857	206.0	1.610489401148116
164	Dindigul	Tamil Nadu	32162.0	32040.571428571428	121.42857142857247	0.37898378841112484
165	Dindori	Madhya Pradesh	4622.0	4621.0	1.0	0.02164033758926639
166	Diu	Dadra and Nagar Haveli and Daman and Diu	1218.0	1217.857142857143	0.14285714285711038	0.011730205278589707
167	Doda	Jammu and Kashmir	7224.428571428572	7165.571428571428	58.85714285714312	0.8213879862038753
168	Dumka	Jharkhand	4627.571428571428	4625.142857142857	2.4285714285715585	0.05250803063998304
169	Dungarpur	Rajasthan	18407.0	18406.14285714286	0.857142857141298	0.0046568304059895265
170	Durg	Chhattisgarh	96513.85714285714	96445.85714285714	68.0	0.07050587968675245
171	East Champaran	Bihar	18989.285714285714	18977.714285714286	11.571428571427532	0.060973773749655784
172	East Garo Hills	Meghalaya	1670.857142857143	1595.0	75.85714285714289	4.7559337214509645
173	East Godavari	Andhra Pradesh	276737.85714285716	274614.71428571426	2123.1428571428987	0.7731351405059604
174	East Jaintia Hills	Meghalaya	2097.1428571428573	1967.2857142857142	129.85714285714312	6.600827826592128
175	East Kameng	Arunachal Pradesh	1019.2857142857143	977.2857142857143	42.0	4.297617307411198
176	East Khasi Hills	Meghalaya	31448.14285714286	29810.428571428572	1637.7142857142862	5.49376296885558
177	East Siang	Arunachal Pradesh	2796.4285714285716	2662.8571428571427	133.5714285714289	5.016094420600871
178	East Singhbhum	Jharkhand	51749.0	51729.57142857143	19.428571428572468	0.03755795938769681
179	Ernakulam	Kerala	401313.28571428574	387669.0	13644.28571428574	3.5195710036876147
180	Erode	Tamil Nadu	93386.42857142857	92449.71428571429	936.7142857142753	1.0132149060183957
181	Etah	Uttar Pradesh	9963.0	9963.142857142857	-0.142857142856883	-0.0014338562128963623
182	Etawah	Uttar Pradesh	13925.857142857143	13924.857142857143	1.0	0.0071814022200792
184	Faridabad	Haryana	99770.0	99759.14285714286	10.857142857144936	0.010883356197930237
185	Faridkot	Punjab	13825.142857142857	13813.285714285714	11.857142857143117	0.0858386853236551
186	Farrukhabad	Uttar Pradesh	10337.57142857143	10335.857142857143	1.714285714286234	0.01658581083883241
187	Fatehabad	Haryana	17844.571428571428	17840.0	4.571428571427532	0.025624599615625177
188	Fatehgarh Sahib	Punjab	8784.42857142857	8769.42857142857	15.0	0.17104877333593982
189	Fatehpur	Uttar Pradesh	6797.285714285715	6796.0	1.2857142857146755	0.018918691667373096
190	Fazilka	Punjab	20144.285714285714	20127.0	17.285714285713766	0.08588321302585465
191	Ferozepur	Punjab	14225.42857142857	14198.285714285714	27.142857142856883	0.19116996015615384
192	Firozabad	Uttar Pradesh	8713.142857142857	8710.42857142857	2.714285714286234	0.03116133370508855
195	Gadag	Karnataka	25963.428571428572	25934.14285714286	29.285714285713766	0.11292339387128736
196	Gadchiroli	Maharashtra	30180.85714285714	30185.285714285714	-4.428571428572468	-0.01467129206756711
197	Gajapati	Odisha	9482.714285714286	9441.42857142857	41.285714285715585	0.43728249356938886
198	Ganderbal	Jammu and Kashmir	9887.857142857143	9838.285714285714	49.57142857142935	0.5038624615205981
199	Gandhinagar	Gujarat	20736.0	20728.0	8.0	0.0385951370127364
200	Ganganagar	Rajasthan	19331.85714285714	19322.285714285714	9.571428571427532	0.04953569527414143
201	Ganjam	Odisha	33407.0	33340.28571428572	66.7142857142826	0.20010112176602227
202	Garhwa	Jharkhand	6871.142857142857	6857.428571428572	13.714285714285325	0.19999166701386872
203	Gariaband	Chhattisgarh	19649.428571428572	19630.428571428572	19.0	0.09678851345942524
205	Gautam Buddha Nagar	Uttar Pradesh	63202.0	63170.142857142855	31.857142857144936	0.05043069623760198
206	Gaya	Bihar	33909.42857142857	33900.71428571428	8.714285714289872	0.02570531594362913
207	Ghaziabad	Uttar Pradesh	55607.857142857145	55601.71428571428	6.14285714286234	0.011047963577699656
208	Ghazipur	Uttar Pradesh	21623.714285714286	21620.0	3.714285714286234	0.017179859918067687
209	Gir Somnath	Gujarat	8548.857142857143	8545.57142857143	3.285714285713766	0.038449322121727816
210	Giridih	Jharkhand	8955.142857142857	8952.714285714286	2.428571428570649	0.027126649539636092
211	Godda	Jharkhand	5835.571428571428	5832.285714285715	3.285714285713766	0.05633664821436428
212	Gomati	Tripura	7431.285714285715	7085.285714285715	346.0	4.883359880637942
213	Gonda	Uttar Pradesh	12281.714285714286	12279.285714285714	2.428571428572468	0.019777790704446834
214	Gondia	Maharashtra	40509.71428571428	40472.857142857145	36.85714285713766	0.09106632310894906
215	Gopalganj	Bihar	16665.571428571428	16661.0	4.571428571427532	0.027437900314672182
216	Gorakhpur	Uttar Pradesh	59359.857142857145	59348.142857142855	11.714285714289872	0.01973825152791617
217	Gumla	Jharkhand	9889.42857142857	9882.285714285714	7.142857142856883	0.07227940326124406
218	Guna	Madhya Pradesh	5132.0	5132.0	0.0	0.0
219	Guntur	Andhra Pradesh	167715.0	166687.14285714287	1027.8571428571304	0.6166385272666426
220	Gurdaspur	Punjab	22227.428571428572	22212.285714285714	15.142857142858702	0.06817334036505596
221	Gurugram	Haryana	180893.0	180840.42857142858	52.571428571420256	0.029070617110739442
222	Gwalior	Madhya Pradesh	53089.142857142855	53084.857142857145	4.285714285710128	0.008073327341122542
223	Hamirpur	Himachal Pradesh	14538.714285714286	14499.857142857143	38.85714285714312	0.2679829357924727
224	Hamirpur	Uttar Pradesh	5227.142857142857	5223.714285714285	3.4285714285715585	0.06563474265711566
225	Hanumangarh	Rajasthan	16044.285714285714	16036.714285714286	7.571428571427532	0.04721309138850381
226	Hapur	Uttar Pradesh	12621.857142857143	12614.42857142857	7.428571428572468	0.05888948030034459
227	Harda	Madhya Pradesh	5055.0	5055.0	0.0	0.0
228	Hardoi	Uttar Pradesh	13750.42857142857	13749.0	1.428571428570649	0.010390366052590362
229	Haridwar	Uttarakhand	51343.142857142855	51315.142857142855	28.0	0.05456479012043229
230	Hassan	Karnataka	106461.28571428571	105768.85714285714	692.4285714285652	0.6546620528321807
231	Hathras	Uttar Pradesh	2917.0	2916.8571428571427	0.14285714285733775	0.004897639337845844
232	Haveri	Karnataka	21855.14285714286	21830.14285714286	25.0	0.11452055153097618
233	Hazaribagh	Jharkhand	19574.85714285714	19568.14285714286	6.714285714282596	0.034312329807177966
234	Hingoli	Maharashtra	18371.0	18333.714285714286	37.285714285713766	0.2033723974566734
235	Hisar	Haryana	53971.28571428572	53965.857142857145	5.428571428572468	0.01005927027935845
236	Hnahthial	Mizoram	103.0	102.71428571428571	0.2857142857142918	0.278164116828935
237	Hooghly	West Bengal	81622.42857142857	81309.14285714286	313.2857142857101	0.38530195163432174
238	Hoshangabad	Madhya Pradesh	10677.142857142857	10677.0	0.142857142856883	0.0013379895369193874
239	Hoshiarpur	Punjab	30639.14285714286	30616.571428571428	22.57142857143117	0.07372291382818744
240	Howrah	West Bengal	94422.57142857143	94158.42857142857	264.1428571428696	0.2805302309633289
241	Idukki	Kerala	91364.85714285714	88977.28571428571	2387.571428571435	2.683349362036225
242	Indore	Madhya Pradesh	152973.7142857143	152951.7142857143	22.0	0.014383624337092378
245	Jabalpur	Madhya Pradesh	50618.28571428572	50608.71428571428	9.571428571434808	0.01891260962963568
246	Jagatsinghpur	Odisha	25151.0	24585.714285714286	565.2857142857138	2.299244625217894
247	Jaipur	Rajasthan	187527.85714285713	187482.7142857143	45.14285714284051	0.024078410276290887
248	Jaisalmer	Rajasthan	13636.0	13635.42857142857	0.571428571429351	0.004190763557125825
249	Jajpur	Odisha	40926.57142857143	40285.28571428572	641.2857142857101	1.591860906321688
250	Jalandhar	Punjab	63081.57142857143	63034.857142857145	46.714285714282596	0.07410865643498339
251	Jalaun	Uttar Pradesh	11656.714285714286	11655.142857142857	1.571428571429351	0.013482705366123424
252	Jalgaon	Maharashtra	139695.42857142858	139509.7142857143	185.71428571428987	0.13311925027238544
253	Jalna	Maharashtra	60091.28571428572	59982.857142857145	108.42857142857247	0.18076593312375136
254	Jalore	Rajasthan	10061.0	10061.0	0.0	0.0
255	Jalpaiguri	West Bengal	39689.57142857143	39376.42857142857	313.14285714285506	0.7952545939376295
256	Jammu	Jammu and Kashmir	52745.57142857143	52691.71428571428	53.857142857144936	0.10221178716090212
257	Jamnagar	Gujarat	34940.0	34931.42857142857	8.571428571427532	0.024537870112871226
258	Jamtara	Jharkhand	5550.714285714285	5543.428571428572	7.285714285713766	0.13142974951035039
259	Jamui	Bihar	9402.0	9395.142857142857	6.857142857143117	0.07298604141958127
260	Janjgir Champa	Chhattisgarh	57309.28571428572	57228.71428571428	80.57142857143481	0.14078846533085132
261	Jashpur	Chhattisgarh	26827.0	26772.714285714286	54.285714285713766	0.20276507531655166
262	Jaunpur	Uttar Pradesh	22560.428571428572	22558.14285714286	2.285714285713766	0.010132546372229451
263	Jehanabad	Bihar	10767.0	10763.142857142857	3.857142857143117	0.03583658517161984
264	Jhabua	Madhya Pradesh	7688.0	7688.0	0.0	0.0
265	Jhajjar	Haryana	18822.571428571428	18819.428571428572	3.142857142855064	0.016700066800256156
266	Jhalawar	Rajasthan	13598.0	13598.0	0.0	0.0
267	Jhansi	Uttar Pradesh	36531.57142857143	36524.28571428572	7.285714285710128	0.01994758868853244
268	Jhargram	West Bengal	11172.857142857143	10978.285714285714	194.57142857142935	1.7723297938788332
269	Jharsuguda	Odisha	23572.85714285714	23526.14285714286	46.714285714282596	0.19856330040136394
270	Jhunjhunu	Rajasthan	14802.0	14802.0	0.0	0.0
271	Jind	Haryana	21200.0	21199.428571428572	0.571428571427532	0.0026954904444814708
272	Jodhpur	Rajasthan	112367.42857142857	112358.14285714286	9.285714285710128	0.008264389255273112
273	Junagadh	Gujarat	20457.0	20445.14285714286	11.857142857141298	0.05799491321724271
274	Kabeerdham	Chhattisgarh	22760.14285714286	22756.0	4.142857142858702	0.018205559601242316
275	Kaimur	Bihar	4980.428571428572	4979.428571428572	1.0	0.0200826256598577
276	Kaithal	Haryana	11212.0	11206.285714285714	5.714285714286234	0.050991790321762834
277	Kalaburagi	Karnataka	61600.0	61547.857142857145	52.142857142855064	0.08471920804948192
278	Kalahandi	Odisha	24118.571428571428	24074.285714285714	44.285714285713766	0.18395442677426796
279	Kalimpong	West Bengal	6198.857142857143	6074.0	124.85714285714312	2.055599981184444
280	Kallakurichi	Tamil Nadu	28971.714285714286	28673.714285714286	298.0	1.0392793798202435
281	Kamle	Arunachal Pradesh	392.0	343.14285714285717	48.85714285714283	14.238134887593665
282	Kancheepuram	Tamil Nadu	71620.28571428571	71334.0	286.2857142857101	0.4013313627242411
283	Kandhamal	Odisha	11275.0	11148.57142857143	126.42857142857065	1.1340338288057334
284	Kangra	Himachal Pradesh	46346.57142857143	46214.71428571428	131.85714285714494	0.2853142011047856
285	Kannauj	Uttar Pradesh	9215.57142857143	9213.857142857143	1.714285714286234	0.01860551653565846
286	Kannur	Kerala	184842.85714285713	178060.2857142857	6782.57142857142	3.809143291758325
287	Kanpur Dehat	Uttar Pradesh	6182.428571428572	6178.857142857143	3.5714285714284415	0.05780079533894176
288	Kanpur Nagar	Uttar Pradesh	82864.0	82836.28571428571	27.714285714289872	0.03345669772046569
289	Kanyakumari	Tamil Nadu	60044.0	59842.71428571428	201.2857142857174	0.336357928760876
290	Kapurthala	Punjab	17738.714285714286	17722.285714285714	16.428571428572468	0.09270007093571232
291	Karaikal	Puducherry	15000.285714285714	14902.285714285714	98.0	0.6576172399248438
292	Karauli	Rajasthan	7156.0	7156.0	0.0	0.0
293	Kargil	Ladakh	3553.4285714285716	3549.714285714286	3.7142857142857792	0.10463618802318278
294	Karnal	Haryana	39982.71428571428	39965.57142857143	17.142857142855064	0.042894062389408544
295	Karur	Tamil Nadu	22613.14285714286	22517.285714285714	95.85714285714494	0.4257046967092041
296	Kasaragod	Kerala	105783.14285714286	100457.85714285714	5325.28571428571	5.301014640112054
297	Kasganj	Uttar Pradesh	4246.0	4246.857142857143	-0.857142857143117	-0.020182992465022264
298	Kathua	Jammu and Kashmir	9260.0	9255.857142857143	4.142857142856883	0.04475930298960994
299	Katihar	Bihar	18103.714285714286	18086.714285714286	17.0	0.09399164343203772
300	Katni	Madhya Pradesh	9364.0	9363.285714285714	0.714285714286234	0.007628579711034952
301	Kaushambi	Uttar Pradesh	4414.428571428572	4414.714285714285	-0.285714285713766	-0.006471863573104106
302	Kendrapara	Odisha	23211.0	22689.285714285714	521.7142857142862	2.299386116795217
303	Kendujhar	Odisha	20321.0	20143.571428571428	177.42857142857247	0.8808198290840803
304	Khagaria	Bihar	10035.857142857143	10013.285714285714	22.57142857142935	0.22541480604340727
305	Khandwa	Madhya Pradesh	4040.0	4040.0	0.0	0.0
306	Khargone	Madhya Pradesh	13963.857142857143	13962.285714285714	1.571428571429351	0.011254808872887634
307	Khawzawl	Mizoram	107.0	106.0	1.0	0.9433962264150944
308	Kheda	Gujarat	10417.0	10416.0	1.0	0.009600614439324117
309	Khordha	Odisha	148950.57142857142	145734.2857142857	3216.28571428571	2.206951986982176
310	Khowai	Tripura	4348.714285714285	4245.714285714285	103.0	2.4259757738896366
311	Khunti	Jharkhand	7770.142857142857	7767.142857142857	3.0	0.038624241309545705
312	Kinnaur	Himachal Pradesh	3305.714285714286	3291.0	14.71428571428578	0.4471068281460279
313	Kiphire	Nagaland	215.28571428571428	206.28571428571428	9.0	4.362880886426593
314	Kishanganj	Bihar	10080.57142857143	10065.0	15.571428571429351	0.154708679298851
315	Kishtwar	Jammu and Kashmir	4634.428571428572	4610.142857142857	24.285714285714675	0.5267887577081675
316	Kodagu	Karnataka	32873.57142857143	32404.285714285714	469.28571428571377	1.4482211347705314
317	Koderma	Jharkhand	12856.714285714286	12839.285714285714	17.428571428572468	0.1357440890125255
318	Kohima	Nagaland	8422.42857142857	8223.0	199.42857142857065	2.425253209638461
319	Kolar	Karnataka	45445.71428571428	45246.57142857143	199.14285714285506	0.4401280602160812
320	Kolasib	Mizoram	2875.8571428571427	2391.714285714286	484.1428571428569	20.24250388245131
321	Kolhapur	Maharashtra	192880.42857142858	188489.2857142857	4391.14285714287	2.3296511738067784
322	Kolkata	West Bengal	310313.4285714286	309891.4285714286	422.0	0.1361767254891114
323	Kollam	Kerala	266328.71428571426	256708.2857142857	9620.42857142855	3.7476112407746784
324	Kondagaon	Chhattisgarh	13033.714285714286	13008.0	25.714285714286234	0.19768054823405776
325	Koppal	Karnataka	35066.0	35038.857142857145	27.142857142855064	0.07746501842851423
326	Koraput	Odisha	18814.85714285714	18765.0	49.8571428571413	0.26569220813824296
327	Korba	Chhattisgarh	54497.57142857143	54453.857142857145	43.714285714282596	0.08027766628101332
328	Koriya	Chhattisgarh	26873.285714285714	26845.714285714286	27.571428571427532	0.10270327799063045
329	Kota	Rajasthan	57050.0	57050.0	0.0	0.0
330	Kottayam	Kerala	218723.7142857143	212352.57142857142	6371.14285714287	3.0002664033130944
331	Kozhikode	Kerala	357846.4285714286	343055.14285714284	14791.28571428574	4.311635030769738
332	Kra Daadi	Arunachal Pradesh	248.14285714285714	241.42857142857142	6.714285714285722	2.7810650887574
333	Krishna	Andhra Pradesh	108264.0	106678.57142857143	1585.4285714285652	1.4861734181452904
334	Krishnagiri	Tamil Nadu	41280.0	41073.57142857143	206.42857142857247	0.502582473957883
335	Kulgam	Jammu and Kashmir	11247.57142857143	11220.285714285714	27.285714285715585	0.2431819918005769
336	Kullu	Himachal Pradesh	9095.857142857143	9034.142857142857	61.714285714286234	0.6831227565268325
337	Kupwara	Jammu and Kashmir	14055.57142857143	14024.57142857143	31.0	0.22104062258077659
338	Kurnool	Andhra Pradesh	123157.57142857143	122993.57142857143	164.0	0.13334030233868205
339	Kurukshetra	Haryana	22100.14285714286	22086.0	14.142857142858702	0.06403539410875081
340	Kurung Kumey	Arunachal Pradesh	504.57142857142856	496.42857142857144	8.14285714285711	1.640287769784166
341	Kushinagar	Uttar Pradesh	15586.285714285714	15583.142857142857	3.142857142856883	0.02016831374562089
342	Kutch	Gujarat	12585.142857142857	12582.857142857143	2.285714285713766	0.018165304268842372
343	Lahaul and Spiti	Himachal Pradesh	2749.8571428571427	2745.285714285714	4.5714285714284415	0.1665192277670765
344	Lakhimpur Kheri	Uttar Pradesh	24395.714285714286	24394.285714285714	1.428571428572468	0.005856172405719885
345	Lakhisarai	Bihar	7757.285714285715	7747.0	10.285714285714675	0.1327702889597867
346	Lakshadweep	Lakshadweep	10167.0	10103.857142857143	63.14285714285688	0.624938142434994
347	Lalitpur	Uttar Pradesh	12733.42857142857	12731.285714285714	2.142857142856883	0.01683142764169053
348	Latehar	Jharkhand	7853.285714285715	7842.571428571428	10.714285714286234	0.13661699879777703
349	Latur	Maharashtra	90742.28571428571	90450.57142857143	291.7142857142753	0.32251237455657344
350	Lawngtlai	Mizoram	2305.8571428571427	2071.714285714286	234.14285714285688	11.301889394566254
351	Leh	Ladakh	16772.428571428572	16735.0	37.42857142857247	0.22365444534551818
352	Lepa Rada	Arunachal Pradesh	706.7142857142857	658.8571428571429	47.857142857142776	7.263660017346041
353	Lohardaga	Jharkhand	6679.142857142857	6675.428571428572	3.7142857142853245	0.05564115733606675
354	Lohit	Arunachal Pradesh	2478.285714285714	2294.5714285714284	183.71428571428578	8.00647490972482
355	Longding	Arunachal Pradesh	707.1428571428571	671.5714285714286	35.571428571428555	5.296745373324822
356	Longleng	Nagaland	219.0	210.42857142857142	8.571428571428584	4.073319755600821
357	Lower Dibang Valley	Arunachal Pradesh	2033.142857142857	1963.142857142857	70.0	3.565710959103478
358	Lower Siang	Arunachal Pradesh	625.5714285714286	586.7142857142857	38.85714285714289	6.622839055271494
359	Lower Subansiri	Arunachal Pradesh	2180.0	1953.7142857142858	226.28571428571422	11.582334015794087
360	Lucknow	Uttar Pradesh	238566.0	238539.2857142857	26.714285714289872	0.01119911365303883
361	Ludhiana	Punjab	87287.42857142857	87251.85714285714	35.571428571420256	0.040768677866855355
362	Lunglei	Mizoram	2951.5714285714284	2501.714285714286	449.85714285714266	17.98195523069894
363	Madhepura	Bihar	12502.42857142857	12485.285714285714	17.142857142856883	0.137304484135609
364	Madhubani	Bihar	18306.85714285714	18292.0	14.857142857141298	0.08122207991002241
365	Madurai	Tamil Nadu	73458.28571428571	73303.85714285714	154.4285714285652	0.21066909361619177
366	Maharajganj	Uttar Pradesh	12377.857142857143	12373.0	4.857142857143117	0.039255983651039494
367	Mahasamund	Chhattisgarh	31277.571428571428	31262.428571428572	15.142857142855064	0.04843787842091851
368	Mahe	Puducherry	4796.428571428572	4727.571428571428	68.85714285714312	1.4565013749131293
369	Mahendragarh	Haryana	21687.0	21687.0	0.0	0.0
370	Mahisagar	Gujarat	8192.0	8192.0	0.0	0.0
371	Mahoba	Uttar Pradesh	4267.0	4267.0	0.0	0.0
372	Mainpuri	Uttar Pradesh	10014.142857142857	10013.42857142857	0.714285714286234	0.0071332781693206814
373	Malappuram	Kerala	397494.0	376768.71428571426	20725.28571428574	5.500797950694275
374	Malda	West Bengal	32638.85714285714	32612.714285714286	26.142857142855064	0.08016154961473634
375	Malkangiri	Odisha	11451.714285714286	11377.142857142857	74.57142857142935	0.6554495228528446
376	Mamit	Mizoram	1010.2857142857143	773.0	237.28571428571433	30.69672888560341
377	Mandi	Himachal Pradesh	27886.571428571428	27651.714285714286	234.8571428571413	0.8493402630681586
378	Mandla	Madhya Pradesh	5187.0	5187.0	0.0	0.0
379	Mandsaur	Madhya Pradesh	8636.0	8636.0	0.0	0.0
380	Mandya	Karnataka	72007.14285714286	71714.0	293.14285714285506	0.4087665687911078
381	Mansa	Punjab	15566.42857142857	15564.0	2.428571428570649	0.015603774277632028
382	Mathura	Uttar Pradesh	20264.0	20261.85714285714	2.142857142858702	0.010575818039533053
383	Mau	Uttar Pradesh	8321.285714285714	8319.57142857143	1.714285714284415	0.02060545701184969
385	Mayurbhanj	Odisha	38544.142857142855	38120.28571428572	423.85714285713766	1.1118939297411816
386	Meerut	Uttar Pradesh	69410.0	69397.42857142857	12.571428571434808	0.018115121597762716
387	Mehsana	Gujarat	24412.714285714286	24410.14285714286	2.571428571427532	0.010534262689393005
388	Mirzapur	Uttar Pradesh	11079.57142857143	11077.857142857143	1.714285714286234	0.01547488555033031
389	Moga	Punjab	8617.57142857143	8611.42857142857	6.142857142858702	0.07133377571335588
390	Mokokchung	Nagaland	1776.857142857143	1680.2857142857142	96.57142857142867	5.747321884033334
391	Mon	Nagaland	1074.7142857142858	1050.857142857143	23.85714285714289	2.2702555736813514
392	Moradabad	Uttar Pradesh	39089.28571428572	39089.42857142857	-0.142857142855064	-0.00036546234640913076
393	Morbi	Gujarat	6501.142857142857	6500.0	1.142857142856883	0.017582417582413586
394	Morena	Madhya Pradesh	8236.0	8235.57142857143	0.428571428570649	0.005203906399060769
395	Mumbai	Maharashtra	734681.1428571428	732926.0	1755.1428571428405	0.23947067741393271
396	Mungeli	Chhattisgarh	23882.14285714286	23868.85714285714	13.285714285717404	0.05566129206019908
397	Munger	Bihar	15094.714285714286	15087.57142857143	7.142857142856883	0.04734265668052056
398	Murshidabad	West Bengal	33580.28571428572	33552.71428571428	27.571428571434808	0.08217346691136065
399	Muzaffarnagar	Uttar Pradesh	30994.571428571428	30988.428571428572	6.142857142855064	0.019823067596653796
400	Muzaffarpur	Bihar	31352.0	31332.428571428572	19.571428571427532	0.06246380974526288
401	Mysuru	Karnataka	172660.0	171697.85714285713	962.1428571428696	0.560369752513767
402	Nabarangapur	Odisha	23414.285714285714	23357.0	57.285714285713766	0.24526143890788102
403	Nadia	West Bengal	69023.14285714286	68702.28571428571	320.85714285714494	0.4670254264778079
404	Nagapattinam	Tamil Nadu	18604.14285714286	18425.714285714286	178.42857142857247	0.9683671887114338
405	Nagaur	Rajasthan	17715.14285714286	17711.714285714286	3.428571428572468	0.019357648690944876
406	Nagpur	Maharashtra	492979.85714285716	492926.14285714284	53.714285714318976	0.010897025141124672
407	Nainital	Uttarakhand	39041.71428571428	38988.857142857145	52.85714285713766	0.13556986977963068
408	Nalanda	Bihar	23401.428571428572	23393.428571428572	8.0	0.03419763792029507
409	Namakkal	Tamil Nadu	47078.28571428572	46696.57142857143	381.7142857142899	0.8174353577503485
410	Namsai	Arunachal Pradesh	1890.142857142857	1796.857142857143	93.28571428571422	5.191604388615039
411	Nanded	Maharashtra	90577.0	90534.57142857143	42.42857142856519	0.04686449690882983
412	Nandurbar	Maharashtra	40008.857142857145	40033.28571428572	-24.428571428572468	-0.061020650672835554
413	Narayanpur	Chhattisgarh	3975.285714285714	3962.0	13.28571428571422	0.33532847768082336
414	Narmada	Gujarat	5951.285714285715	5948.285714285715	3.0	0.0504346990729622
415	Narsinghpur	Madhya Pradesh	11200.0	11199.857142857143	0.142857142856883	0.0012755264735496384
416	Nashik	Maharashtra	402303.71428571426	401549.71428571426	754.0	0.18777251562517788
417	Navsari	Gujarat	7149.285714285715	7146.857142857143	2.4285714285715585	0.03398097065643421
418	Nawada	Bihar	10333.285714285714	10324.0	9.285714285713766	0.08994298998172962
419	Nayagarh	Odisha	22417.428571428572	22078.85714285714	338.57142857143117	1.5334644650344338
420	Neemuch	Madhya Pradesh	7924.0	7924.0	0.0	0.0
421	Nilgiris	Tamil Nadu	30438.714285714286	30076.0	362.71428571428623	1.2059924382041702
422	Niwari	Madhya Pradesh	3711.0	3711.0	0.0	0.0
423	North 24 Parganas	West Bengal	318975.4285714286	318335.14285714284	640.2857142857392	0.20113573026810805
424	North Garo Hills	Meghalaya	1541.142857142857	1460.142857142857	81.0	5.5474024068095105
425	North Tripura	Tripura	6661.0	6483.571428571428	177.42857142857156	2.736586978076459
426	Nuapada	Odisha	22779.0	22737.714285714286	41.285714285713766	0.18157372270111102
427	Nuh	Haryana	5009.0	5008.428571428572	0.5714285714284415	0.01140933854359534
428	Osmanabad	Maharashtra	63830.857142857145	63229.857142857145	601.0	0.9505003287325833
441	Pakke Kessang	Arunachal Pradesh	376.57142857142856	362.2857142857143	14.285714285714278	3.9432176656151396
442	Pakur	Jharkhand	2543.285714285714	2543.0	0.28571428571422075	0.011235323858207658
443	Palakkad	Kerala	243924.14285714287	232586.0	11338.14285714287	4.874817425443865
444	Palamu	Jharkhand	12289.0	12288.42857142857	0.571428571429351	0.004650135435200894
445	Palghar	Maharashtra	131612.0	128967.14285714286	2644.857142857145	2.0507992068854763
446	Pali	Rajasthan	27304.0	27303.285714285714	0.714285714286234	0.002616116322998089
447	Palwal	Haryana	10968.42857142857	10946.714285714286	21.714285714284415	0.19836350111578283
448	Panchkula	Haryana	30638.571428571428	30634.0	4.571428571427532	0.014922728247788508
449	Panchmahal	Gujarat	11768.42857142857	11765.0	3.428571428570649	0.029142128589635774
450	Panipat	Haryana	31130.571428571428	31127.0	3.571428571427532	0.011473732037869154
451	Panna	Madhya Pradesh	7315.285714285715	7313.0	2.2857142857146755	0.03125549412983284
452	Papum Pare	Arunachal Pradesh	15865.142857142857	14863.714285714286	1001.4285714285706	6.737404609499639
453	Parbhani	Maharashtra	52162.71428571428	52017.71428571428	145.0	0.2787511946479771
454	Paschim Bardhaman	West Bengal	56226.71428571428	56117.857142857145	108.85714285713766	0.19397950741423373
455	Paschim Medinipur	West Bengal	50617.0	50333.857142857145	283.14285714285506	0.5625296236273754
456	Patan	Gujarat	11623.0	11623.0	0.0	0.0
457	Pathanamthitta	Kerala	129724.85714285714	126431.71428571429	3293.142857142855	2.604681013579322
458	Pathankot	Punjab	18579.571428571428	18565.14285714286	14.42857142856883	0.07771861245343178
459	Patiala	Punjab	48703.42857142857	48670.142857142855	33.285714285717404	0.06839041829693823
460	Patna	Bihar	146762.42857142858	146709.14285714287	53.28571428571013	0.03632064999357045
461	Pauri Garhwal	Uttarakhand	17528.14285714286	17520.14285714286	8.0	0.04566172813333224
462	Perambalur	Tamil Nadu	11462.42857142857	11409.714285714286	52.714285714284415	0.46201232032853073
463	Peren	Nagaland	779.0	750.2857142857143	28.714285714285666	3.8271134805788205
464	Phek	Nagaland	451.2857142857143	441.14285714285717	10.14285714285711	2.2992227979274538
465	Pilibhit	Uttar Pradesh	11027.142857142857	11024.714285714286	2.428571428570649	0.02202842963211815
466	Pithoragarh	Uttarakhand	10116.285714285714	10078.285714285714	38.0	0.37704825083631005
467	Porbandar	Gujarat	3474.0	3473.0	1.0	0.028793550244745177
468	Prakasam	Andhra Pradesh	129195.71428571429	127622.57142857143	1573.142857142855	1.232652531236076
469	Pratapgarh	Rajasthan	7138.0	7138.0	0.0	0.0
470	Pratapgarh	Uttar Pradesh	16023.857142857143	16023.42857142857	0.428571428572468	0.0026746549695154205
471	Prayagraj	Uttar Pradesh	78567.57142857143	78532.14285714286	35.428571428579744	0.04511346582383159
472	Puducherry	Puducherry	94331.28571428571	93822.0	509.2857142857101	0.5428212085499244
473	Pudukkottai	Tamil Nadu	28084.714285714286	27874.714285714286	210.0	0.7533709506311403
474	Pulwama	Jammu and Kashmir	15169.142857142857	15125.0	44.14285714285688	0.2918536009445083
475	Punch	Jammu and Kashmir	6256.142857142857	6239.857142857143	16.285714285713766	0.26099498614894195
476	Pune	Maharashtra	1087141.2857142857	1079941.2857142857	7200.0	0.6667029120233918
477	Purba Bardhaman	West Bengal	39943.857142857145	39738.142857142855	205.71428571428987	0.517674634302426
478	Purba Medinipur	West Bengal	60345.857142857145	60000.142857142855	345.7142857142899	0.5761891043116634
479	Puri	Odisha	43095.0	42369.142857142855	725.8571428571449	1.7131740080381999
480	Purnia	Bihar	24386.14285714286	24365.85714285714	20.285714285717404	0.08325467134926615
481	Purulia	West Bengal	19152.285714285714	19112.714285714286	39.57142857142753	0.20704243248697032
482	Rae Bareli	Uttar Pradesh	17070.428571428572	17067.571428571428	2.857142857144936	0.016740183974634063
483	Raichur	Karnataka	39865.42857142857	39856.857142857145	8.571428571427532	0.021505530505592414
484	Raigad	Maharashtra	182349.57142857142	179427.42857142858	2922.1428571428405	1.6285931757527023
485	Raigarh	Chhattisgarh	62398.0	62362.0	36.0	0.057727462236618454
487	Raipur	Chhattisgarh	157662.7142857143	157584.2857142857	78.42857142857974	0.04976928446455486
488	Raisen	Madhya Pradesh	9231.57142857143	9230.0	1.571428571429351	0.017025228292842372
489	Rajgarh	Madhya Pradesh	8693.0	8692.42857142857	0.571428571429351	0.006573865597326831
490	Rajkot	Gujarat	57904.142857142855	57898.57142857143	5.571428571427532	0.009622739273111285
491	Rajnandgaon	Chhattisgarh	56001.71428571428	55985.57142857143	16.142857142855064	0.028833959770243212
492	Rajouri	Jammu and Kashmir	10915.42857142857	10877.285714285714	38.14285714285688	0.3506652132228342
493	Rajsamand	Rajasthan	17038.714285714286	17037.571428571428	1.142857142858702	0.006707864132221153
494	Ramanagara	Karnataka	23974.285714285714	23944.428571428572	29.857142857141298	0.12469348670432674
495	Ramanathapuram	Tamil Nadu	20014.85714285714	19944.0	70.8571428571413	0.355280499684824
496	Ramban	Jammu and Kashmir	5961.285714285715	5945.857142857143	15.428571428571558	0.2594843948968091
497	Ramgarh	Jharkhand	13867.857142857143	13855.42857142857	12.428571428572468	0.08970181878171246
498	Rampur	Uttar Pradesh	11812.42857142857	11808.857142857143	3.571428571427532	0.03024364278627752
499	Ranchi	Jharkhand	85360.71428571429	85330.0	30.714285714289872	0.03599470961477777
500	Ranipet	Tamil Nadu	41924.42857142857	41756.57142857143	167.85714285714494	0.4019897638010833
501	Ratlam	Madhya Pradesh	17852.85714285714	17851.428571428572	1.42857142856883	0.00800256081944767
502	Ratnagiri	Maharashtra	70958.85714285714	69308.28571428571	1650.5714285714348	2.3814922149073174
503	Rayagada	Odisha	19742.0	19631.14285714286	110.8571428571413	0.5647004031495066
504	Reasi	Jammu and Kashmir	6242.285714285715	6206.0	36.285714285714675	0.5846876294829951
505	Rewa	Madhya Pradesh	16431.0	16431.0	0.0	0.0
506	Rewari	Haryana	20303.0	20302.0	1.0	0.004925623091321052
507	Ribhoi	Meghalaya	7727.0	7247.0	480.0	6.62343038498689
508	Rohtak	Haryana	25850.571428571428	25835.285714285714	15.285714285713766	0.059166035377969425
509	Rohtas	Bihar	13944.57142857143	13933.57142857143	11.0	0.0789460193776593
510	Rudraprayag	Uttarakhand	8712.714285714286	8691.42857142857	21.285714285715585	0.244904667981606
511	Rupnagar	Punjab	12871.0	12865.714285714286	5.285714285713766	0.04108372196313165
512	S.A.S. Nagar	Punjab	68448.14285714286	68418.71428571429	29.428571428565192	0.04301245899721595
513	S.P.S. Nellore	Andhra Pradesh	133882.42857142858	132315.0	1567.4285714285797	1.1846189558467142
514	Sabarkantha	Gujarat	9313.714285714286	9312.285714285714	1.428571428572468	0.015340717331953604
515	Sagar	Madhya Pradesh	16557.428571428572	16551.428571428572	6.0	0.03625064733298809
516	Saharanpur	Uttar Pradesh	32750.714285714286	32770.0	-19.285714285713766	-0.05885173721609327
517	Saharsa	Bihar	17569.0	17547.571428571428	21.428571428572468	0.12211702067034697
518	Sahibganj	Jharkhand	4795.0	4788.0	7.0	0.14619883040935672
519	Saiha	Mizoram	676.8571428571429	571.4285714285714	105.42857142857144	18.450000000000003
521	Salem	Tamil Nadu	93222.14285714286	92504.85714285714	717.2857142857101	0.7754032992862105
522	Samastipur	Bihar	19936.428571428572	19915.285714285714	21.142857142858702	0.10616396594145983
523	Samba	Jammu and Kashmir	7122.285714285715	7119.285714285715	3.0	0.04213905889435136
524	Sambalpur	Odisha	30434.285714285714	30298.14285714286	136.14285714285506	0.4493439013235066
525	Sambhal	Uttar Pradesh	9435.0	9434.0	1.0	0.0105999576001696
526	Sangli	Maharashtra	182461.85714285713	176923.7142857143	5538.1428571428405	3.130243381731907
527	Sangrur	Punjab	15678.0	15668.857142857143	9.142857142856883	0.05835050418482356
528	Sant Kabir Nagar	Uttar Pradesh	8155.428571428572	8155.285714285715	0.142857142856883	0.0017517122987688633
529	Saraikela-Kharsawan	Jharkhand	7202.857142857143	7200.285714285715	2.5714285714284415	0.03571286853696101
530	Saran	Bihar	23253.85714285714	23246.428571428572	7.42857142856883	0.03195575357196608
531	Satara	Maharashtra	216789.57142857142	211120.14285714287	5669.428571428551	2.6854039101635325
532	Satna	Madhya Pradesh	11964.0	11964.0	0.0	0.0
533	Sawai Madhopur	Rajasthan	10598.0	10598.0	0.0	0.0
534	Sehore	Madhya Pradesh	10136.0	10136.0	0.0	0.0
535	Seoni	Madhya Pradesh	6772.857142857143	6771.857142857143	1.0	0.014766997869333163
536	Serchhip	Mizoram	819.8571428571429	772.5714285714286	47.285714285714334	6.120562130177521
537	Shahdol	Madhya Pradesh	10080.0	10080.0	0.0	0.0
538	Shahid Bhagat Singh Nagar	Punjab	11424.714285714286	11423.285714285714	1.428571428572468	0.012505783925074442
539	Shahjahanpur	Uttar Pradesh	20349.14285714286	20349.428571428572	-0.285714285713766	-0.0014040408295047679
540	Shajapur	Madhya Pradesh	6349.0	6349.0	0.0	0.0
541	Shamli	Uttar Pradesh	12971.0	12967.57142857143	3.428571428570649	0.026439580051330836
542	Sheikhpura	Bihar	7686.428571428572	7681.0	5.4285714285715585	0.07067532129373205
543	Sheohar	Bihar	4387.428571428572	4385.714285714285	1.714285714286234	0.03908794788274801
544	Sheopur	Madhya Pradesh	3998.0	3998.0	0.0	0.0
545	Shi Yomi	Arunachal Pradesh	189.85714285714286	178.71428571428572	11.142857142857139	6.2350119904076715
546	Shimla	Himachal Pradesh	25660.85714285714	25549.0	111.8571428571413	0.4378141722069016
547	Shivamogga	Karnataka	66821.0	66362.71428571429	458.2857142857101	0.6905771097797969
548	Shivpuri	Madhya Pradesh	12392.0	12390.285714285714	1.714285714286234	0.01383572383895637
549	Shopiyan	Jammu and Kashmir	5583.142857142857	5577.428571428572	5.7142857142853245	0.10245376773730154
550	Shrawasti	Uttar Pradesh	4383.0	4383.0	0.0	0.0
551	Siang	Arunachal Pradesh	355.14285714285717	327.7142857142857	27.428571428571445	8.369659982563213
552	Siddharthnagar	Uttar Pradesh	9357.142857142857	9356.42857142857	0.714285714286234	0.007634170547375583
553	Sidhi	Madhya Pradesh	9219.0	9219.0	0.0	0.0
554	Sikar	Rajasthan	30595.285714285714	30589.85714285714	5.428571428572468	0.017746311802701774
555	Simdega	Jharkhand	7183.714285714285	7167.0	16.714285714285325	0.23321174430424618
556	Sindhudurg	Maharashtra	47831.28571428572	46697.142857142855	1134.1428571428623	2.4287200195790617
557	Singrauli	Madhya Pradesh	8793.0	8792.714285714286	0.285714285713766	0.0032494435327890983
558	Sipahijala	Tripura	5991.428571428572	5860.857142857143	130.57142857142844	2.227855506264318
559	Sirmaur	Himachal Pradesh	15366.857142857143	15357.42857142857	9.428571428572468	0.0613942066194185
560	Sirohi	Rajasthan	13729.0	13729.0	0.0	0.0
561	Sirsa	Haryana	29251.571428571428	29248.285714285714	3.285714285713766	0.01123386962849904
562	Sitamarhi	Bihar	9160.714285714286	9134.714285714286	26.0	0.28462849725536804
563	Sitapur	Uttar Pradesh	12390.714285714286	12389.0	1.714285714286234	0.01383715969235801
564	Sivaganga	Tamil Nadu	18742.14285714286	18582.714285714286	159.42857142857247	0.8579401748168477
565	Siwan	Bihar	15184.0	15174.714285714286	9.285714285713766	0.06119202056051548
566	Solan	Himachal Pradesh	22399.14285714286	22372.571428571428	26.57142857143117	0.11876787903556535
567	Solapur	Maharashtra	186611.0	183261.2857142857	3349.71428571429	1.8278351986118202
568	Sonbhadra	Uttar Pradesh	16797.285714285714	16792.285714285714	5.0	0.029775577220832697
569	Sonipat	Haryana	47121.57142857143	47110.28571428572	11.285714285710128	0.02395594531978788
570	South 24 Parganas	West Bengal	95963.42857142857	95629.14285714286	334.2857142857101	0.34956468739355767
571	South Garo Hills	Meghalaya	1083.7142857142858	1024.5714285714287	59.14285714285711	5.772448410485217
572	South Tripura	Tripura	9365.0	9019.0	346.0	3.836345492848431
573	South West Garo Hills	Meghalaya	1718.142857142857	1665.4285714285713	52.71428571428578	3.165208440555846
574	South West Khasi Hills	Meghalaya	1655.4285714285713	1433.142857142857	222.28571428571422	15.510366826156297
575	Sri Muktsar Sahib	Punjab	18719.428571428572	18706.571428571428	12.857142857144936	0.06873062178303618
576	Srikakulam	Andhra Pradesh	120509.0	120143.14285714286	365.85714285714494	0.30451770625991553
577	Srinagar	Jammu and Kashmir	71332.85714285714	71074.14285714286	258.7142857142899	0.36400619875824425
579	Subarnapur	Odisha	13019.857142857143	12944.714285714286	75.14285714285688	0.5804906580733429
580	Sukma	Chhattisgarh	7913.428571428572	7863.142857142857	50.285714285714675	0.6395116456524159
581	Sultanpur	Uttar Pradesh	14897.42857142857	14890.857142857143	6.571428571427532	0.04413062665489152
582	Sundargarh	Odisha	60677.142857142855	60381.57142857143	295.57142857142753	0.48950602241459495
583	Supaul	Bihar	17192.428571428572	17184.428571428572	8.0	0.04655377376528585
584	Surajpur	Chhattisgarh	28981.0	28967.428571428572	13.571428571427532	0.046850649991119445
585	Surat	Gujarat	143438.57142857142	143394.85714285713	43.71428571428987	0.030485253505807053
586	Surendranagar	Gujarat	8121.0	8119.285714285715	1.7142857142853245	0.021113750329897547
587	Surguja	Chhattisgarh	33598.28571428572	33564.142857142855	34.14285714286234	0.10172420397619757
588	Tapi	Gujarat	4435.0	4435.0	0.0	0.0
589	Tarn Taran	Punjab	7971.0	7965.0	6.0	0.07532956685499058
590	Tawang	Arunachal Pradesh	2145.5714285714284	2043.7142857142858	101.85714285714266	4.983922829581984
591	Tehri Garhwal	Uttarakhand	15810.57142857143	15802.714285714286	7.857142857143117	0.04972021081369549
592	Tenkasi	Tamil Nadu	26825.714285714286	26720.428571428572	105.28571428571377	0.39402704191014704
593	Thane	Maharashtra	589911.5714285715	589710.4285714285	201.14285714295693	0.03410875022682316
594	Thanjavur	Tamil Nadu	67659.85714285714	66996.0	663.8571428571449	0.9908907141577781
595	Theni	Tamil Nadu	42900.42857142857	42819.0	81.42857142857247	0.19016925063306586
596	Thiruvallur	Tamil Nadu	113285.28571428571	112813.71428571429	471.57142857142026	0.4180089553448342
597	Thiruvananthapuram	Kerala	330005.14285714284	322645.85714285716	7359.285714285681	2.280917467670204
598	Thiruvarur	Tamil Nadu	37755.57142857143	37562.28571428572	193.28571428571013	0.5145738887029432
599	Thoothukkudi	Tamil Nadu	55046.28571428572	54919.42857142857	126.85714285714494	0.23098773267852504
600	Thrissur	Kerala	321714.0	305767.5714285714	15946.42857142858	5.2152124886643625
601	Tikamgarh	Madhya Pradesh	6858.142857142857	6857.0	1.142857142856883	0.016667013896119045
602	Tirap	Arunachal Pradesh	966.1428571428571	908.4285714285714	57.714285714285666	6.353200188708912
603	Tiruchirappalli	Tamil Nadu	72275.14285714286	71815.57142857143	459.57142857142026	0.6399328438519982
604	Tirunelveli	Tamil Nadu	47851.0	47657.142857142855	193.85714285714494	0.4067745803357358
605	Tirupathur	Tamil Nadu	28209.714285714286	28041.14285714286	168.57142857142753	0.6011574828822916
606	Tiruppur	Tamil Nadu	87646.28571428571	87012.0	634.2857142857101	0.7289634927202112
607	Tiruvannamalai	Tamil Nadu	51964.28571428572	51550.0	414.2857142857174	0.8036580296522161
608	Tonk	Rajasthan	9492.57142857143	9491.57142857143	1.0	0.010535663219999698
609	Tuensang	Nagaland	918.4285714285714	888.8571428571429	29.571428571428555	3.3269045323047233
610	Tumakuru	Karnataka	117686.57142857143	117243.28571428571	443.2857142857247	0.37809049071345824
611	Udaipur	Rajasthan	56299.857142857145	56264.142857142855	35.71428571428987	0.06347610378597612
612	Udalguri	Assam	0.0	0.0	0.0	
613	Udham Singh Nagar	Uttarakhand	37711.42857142857	37627.857142857145	83.57142857142753	0.22209988800090838
614	Udhampur	Jammu and Kashmir	11288.714285714286	11266.142857142857	22.57142857142935	0.20034743796204235
615	Udupi	Karnataka	69488.14285714286	68681.14285714286	807.0	1.1749950079872205
616	Ujjain	Madhya Pradesh	18894.428571428572	18893.0	1.428571428572468	0.00756137949808113
617	Umaria	Madhya Pradesh	6293.0	6293.0	0.0	0.0
618	Una	Himachal Pradesh	13428.0	13401.714285714286	26.285714285713766	0.1961369547605811
641	Unnao	Uttar Pradesh	14991.142857142857	14989.42857142857	1.714285714286234	0.011436631530796599
642	Unokoti	Tripura	7778.714285714285	7390.571428571428	388.1428571428569	5.25186531101403
643	Upper Dibang Valley	Arunachal Pradesh	259.57142857142856	238.42857142857142	21.14285714285714	8.867585380467343
644	Upper Siang	Arunachal Pradesh	801.8571428571429	754.4285714285714	47.428571428571445	6.286688127248629
645	Upper Subansiri	Arunachal Pradesh	1788.142857142857	1673.5714285714287	114.57142857142844	6.845924029022613
646	Uttar Bastar Kanker	Chhattisgarh	23394.14285714286	23309.571428571428	84.57142857143117	0.36281846206648294
647	Uttar Dinajpur	West Bengal	19397.285714285714	19346.0	51.285714285713766	0.2650972515543976
648	Uttara Kannada	Karnataka	53294.28571428572	52973.57142857143	320.7142857142899	0.6054231894610599
649	Uttarkashi	Uttarakhand	12439.42857142857	12426.285714285714	13.142857142856883	0.10576657776142531
650	Vadodara	Gujarat	77856.57142857143	77822.0	34.57142857143481	0.04442372153303026
651	Vaishali	Bihar	19786.428571428572	19774.0	12.428571428572468	0.06285309714055055
652	Valsad	Gujarat	6242.571428571428	6241.285714285715	1.285714285713766	0.020600151067766168
653	Varanasi	Uttar Pradesh	85434.0	85417.0	17.0	0.019902361356638608
654	Vellore	Tamil Nadu	48007.28571428572	47789.42857142857	217.85714285714494	0.45586890107196887
655	Vidisha	Madhya Pradesh	11917.0	11916.714285714286	0.285714285713766	0.0023975928168075596
656	Vijayapura	Karnataka	36128.71428571428	36093.142857142855	35.57142857142753	0.09855453350853852
657	Viluppuram	Tamil Nadu	43787.28571428572	43519.28571428572	268.0	0.6158189308516749
658	Virudhunagar	Tamil Nadu	45465.42857142857	45346.142857142855	119.2857142857174	0.2630559222236643
659	Visakhapatnam	Andhra Pradesh	152231.14285714287	151468.42857142858	762.7142857142899	0.5035467079891263
660	Vizianagaram	Andhra Pradesh	81393.0	81227.0	166.0	0.20436554347692268
661	Wardha	Maharashtra	58441.57142857143	58590.28571428572	-148.71428571428987	-0.25382072113369086
662	Washim	Maharashtra	41598.857142857145	41600.28571428572	-1.428571428572468	-0.003434042348612741
663	Wayanad	Kerala	76062.28571428571	72735.71428571429	3326.5714285714203	4.5735048610429025
664	West Champaran	Bihar	20878.0	20867.285714285714	10.714285714286234	0.05134489392145165
665	West Garo Hills	Meghalaya	7628.571428571428	6951.428571428572	677.1428571428569	9.741060419235508
666	West Godavari	Andhra Pradesh	169488.85714285713	168289.0	1199.8571428571304	0.7129741949011108
667	West Jaintia Hills	Meghalaya	5025.571428571428	4563.285714285715	462.28571428571377	10.130545033340626
668	West Kameng	Arunachal Pradesh	3014.5714285714284	2866.5714285714284	148.0	5.162962224658626
669	West Khasi Hills	Meghalaya	2104.0	1700.0	404.0	23.764705882352942
670	West Siang	Arunachal Pradesh	1646.142857142857	1526.857142857143	119.28571428571422	7.812499999999996
671	West Singhbhum	Jharkhand	12994.142857142857	12990.0	4.142857142856883	0.03189266468711996
672	West Tripura	Tripura	29420.0	28551.428571428572	868.5714285714275	3.042129490643447
673	Wokha	Nagaland	288.0	276.57142857142856	11.428571428571445	4.132231404958684
674	Y.S.R. Kadapa	Andhra Pradesh	110120.42857142857	109449.28571428571	671.1428571428551	0.6131998512030994
675	Yadgir	Karnataka	27491.14285714286	27482.285714285714	8.857142857144936	0.03222855241818863
676	Yamunanagar	Haryana	24551.285714285714	24541.285714285714	10.0	0.04074766137529178
677	Yanam	Puducherry	6591.142857142857	6571.714285714285	19.42857142857156	0.29563932002956594
678	Yavatmal	Maharashtra	76161.28571428571	76062.71428571429	98.57142857142026	0.1295923101049964
679	Zunheboto	Nagaland	515.4285714285714	511.57142857142856	3.8571428571428896	0.7539793353811848
