	District	State	total_confirmed	total_tested	PositivityRate
0	Agra	Uttar Pradesh	179835.0	3439527.0	0.05228480543981774
1	Ahmedabad	Gujarat	1663338.0	17895444.0	0.09294756810727915
2	Ahmednagar	Maharashtra	1867673.0	77539.0	24.08688530932821
3	Ajmer	Rajasthan	263669.0	1828505.0	0.14419922286239306
4	Aligarh	Uttar Pradesh	148831.0	3379775.0	0.04403577161201559
5	Almora	Uttarakhand	83923.0	591101.0	0.141977428561278
6	Alwar	Rajasthan	415802.0	2043153.0	0.20350996719286318
7	Ambala	Haryana	210242.0	1442021.0	0.1457967671760675
8	Ambedkar Nagar	Uttar Pradesh	35104.0	862057.0	0.04072120521032832
9	Amethi	Uttar Pradesh	69584.0	1869098.0	0.037228652537213136
10	Amreli	Gujarat	75246.0	1485855.0	0.05064154981475312
11	Amritsar	Punjab	326714.0	624589.0	0.5230863816045431
12	Amroha	Uttar Pradesh	116168.0	1778266.0	0.06532655969354416
13	Anand	Gujarat	67084.0	1202957.0	0.05576591681996946
14	Anantapur	Andhra Pradesh	1074347.0	5509595.0	0.1949956394254024
15	Angul	Odisha	279661.0	1210111.0	0.23110359297618152
16	Anjaw	Arunachal Pradesh	4640.0	19915.0	0.23299020838563897
17	Anuppur	Madhya Pradesh	64603.0	23968.0	2.6953855140186915
18	Araria	Bihar	103988.0	1534547.0	0.06776462369676524
19	Aravalli	Gujarat	36271.0	855274.0	0.04240863161980839
20	Ariyalur	Tamil Nadu	102753.0	127995.0	0.8027891714520099
21	Arwal	Bihar	51216.0	711368.0	0.0719964912675296
22	Ashoknagar	Madhya Pradesh	25585.0	390544.0	0.06551118439919702
23	Auraiya	Uttar Pradesh	70470.0	749553.0	0.09401603355599937
24	Aurangabad	Bihar	139508.0	2884049.0	0.048372271067516535
25	Aurangabad	Maharashtra	1057088.0	82600.0	12.797675544794188
26	Ayodhya	Uttar Pradesh	118187.0	2637145.0	0.044816269109207114
27	Azamgarh	Uttar Pradesh	124883.0	87318.0	1.4302091206853111
28	Bagalkote	Karnataka	244734.0	348957.0	0.701329963290606
29	Bageshwar	Uttarakhand	39503.0	389382.0	0.10145050361855452
30	Baghpat	Uttar Pradesh	63620.0	2290344.0	0.02777748670068776
31	Bahraich	Uttar Pradesh	80585.0	2157575.0	0.037349802440239624
32	Balaghat	Madhya Pradesh	63559.0	67578.0	0.9405279824795052
33	Balangir	Odisha	159916.0	615069.0	0.2599968458823319
34	Balasore	Odisha	228368.0	68901.0	3.314436655491212
35	Ballari	Karnataka	678572.0	2816849.0	0.24089754189876703
36	Ballia	Uttar Pradesh	151168.0	1871940.0	0.08075472504460612
37	Balod	Chhattisgarh	189806.0	19243.0	9.86363872577041
38	Baloda Bazar	Chhattisgarh	298152.0	26712.0	11.161725067385445
39	Balrampur	Chhattisgarh	140707.0	150367.0	0.9357571807643964
40	Balrampur	Uttar Pradesh	52317.0	1933659.0	0.027055959711614095
41	Bametara	Chhattisgarh	139016.0	21791.0	6.379514478454408
42	Banaskantha	Gujarat	95206.0	1529689.0	0.06223879494459331
43	Banda	Uttar Pradesh	76780.0	2122295.0	0.03617781693873849
44	Banka	Bihar	51459.0	2553432.0	0.020152876599024372
45	Banswara	Rajasthan	69923.0	341467.0	0.20477234989032614
46	Barabanki	Uttar Pradesh	138555.0	1031954.0	0.13426470559734252
47	Baran	Rajasthan	83911.0	323176.0	0.2596448993737159
48	Bareilly	Uttar Pradesh	307420.0	3256463.0	0.09440303789725232
49	Barmer	Rajasthan	108522.0	797076.0	0.13615012872047333
50	Barnala	Punjab	40969.0	444129.0	0.09224572140076419
51	Barwani	Madhya Pradesh	58471.0	291116.0	0.2008512070789651
52	Bastar	Chhattisgarh	141080.0	31654.0	4.456940671005245
53	Basti	Uttar Pradesh	81889.0	2075990.0	0.039445758409240896
54	Bathinda	Punjab	287836.0	829423.0	0.34703161113207615
55	Beed	Maharashtra	648949.0	780416.0	0.8315424081515499
56	Begusarai	Bihar	189254.0	1495690.0	0.12653290454572805
57	Belagavi	Karnataka	528470.0	2775955.0	0.1903741234998406
58	Bengaluru Rural	Karnataka	415987.0	1681939.0	0.24732585426700968
59	Bengaluru Urban	Karnataka	8479130.0	48187216.0	0.17596223031436387
60	Betul	Madhya Pradesh	90049.0	476252.0	0.18907847106153886
61	Bhadohi	Uttar Pradesh	53958.0	833161.0	0.06476299298694971
62	Bhadrak	Odisha	154529.0	1807211.0	0.0855068943250124
63	Bhagalpur	Bihar	179939.0	4074791.0	0.04415907466174339
64	Bhandara	Maharashtra	420339.0	379365.0	1.1080068008382429
65	Bharatpur	Rajasthan	136990.0	1410087.0	0.09715003400499402
66	Bharuch	Gujarat	79676.0	1092399.0	0.07293672000798243
67	Bhavnagar	Gujarat	149672.0	2749838.0	0.05442938820395965
68	Bhilwara	Rajasthan	208335.0	1041348.0	0.20006280321275885
69	Bhind	Madhya Pradesh	20944.0	310765.0	0.0673949769118144
70	Bhiwani	Haryana	156148.0	1233575.0	0.12658168331880915
71	Bhojpur	Bihar	70660.0	3265066.0	0.021641216440954028
72	Bhopal	Madhya Pradesh	861724.0	1716162.0	0.5021227599725434
73	Bidar	Karnataka	169158.0	473823.0	0.35700673036133745
74	Bijapur	Chhattisgarh	51976.0	8673.0	5.992851377839271
75	Bijnor	Uttar Pradesh	103409.0	2190895.0	0.04719943219551827
76	Bikaner	Rajasthan	281771.0	1948114.0	0.14463783946935344
77	Bilaspur	Chhattisgarh	455172.0	68761.0	6.619624496444206
78	Bilaspur	Himachal Pradesh	88436.0	278166.0	0.31792526764593804
79	Bokaro	Jharkhand	134266.0	82586.0	1.6257719226018938
80	Botad	Gujarat	15512.0	689913.0	0.022483994358708997
81	Boudh	Odisha	84931.0	3472.0	24.461693548387096
82	Budaun	Uttar Pradesh	104320.0	1569449.0	0.06646918759386256
83	Bulandshahr	Uttar Pradesh	140833.0	1883630.0	0.07476680664461705
84	Buldhana	Maharashtra	585994.0	811118.0	0.7224522202688142
85	Bundi	Rajasthan	55762.0	407169.0	0.13695050458163563
86	Burhanpur	Madhya Pradesh	17976.0	91280.0	0.19693251533742331
87	Buxar	Bihar	64598.0	3229996.0	0.019999405572019284
89	Chamarajanagara	Karnataka	217339.0	36092.0	6.021805386235177
90	Chamba	Himachal Pradesh	77844.0	374535.0	0.20784172373743443
91	Chamoli	Uttarakhand	84337.0	632730.0	0.13329066110347226
92	Champawat	Uttarakhand	52320.0	665476.0	0.07862041606308867
93	Chandauli	Uttar Pradesh	113207.0	1478743.0	0.07655623729072597
94	Chandigarh	Chandigarh	431309.0	3937068.0	0.10955081293998478
95	Chandrapur	Maharashtra	615164.0	1398663.0	0.439822888000898
96	Changlang	Arunachal Pradesh	20756.0	167027.0	0.12426733402384045
97	Charkhi Dadri	Haryana	35311.0	409675.0	0.08619271373649845
98	Chengalpattu	Tamil Nadu	1093182.0	362397.0	3.0165315938045847
99	Chennai	Tamil Nadu	3721898.0	18674439.0	0.1993044074844765
100	Chhatarpur	Madhya Pradesh	53179.0	353626.0	0.15038204204441982
101	Chhindwara	Madhya Pradesh	47116.0	553630.0	0.08510376966566117
102	Chhota Udaipur	Gujarat	23758.0	656866.0	0.036168716298301325
103	Chikkaballapura	Karnataka	301419.0	105623.0	2.8537250409475208
104	Chikkamagaluru	Karnataka	317177.0	38269.0	8.28809218950064
105	Chitradurga	Karnataka	245115.0	30751.0	7.97096029397418
106	Chitrakoot	Uttar Pradesh	49686.0	1638420.0	0.03032555754934632
107	Chittoor	Andhra Pradesh	1528168.0	5462254.0	0.27976875480342
108	Chittorgarh	Rajasthan	138561.0	812014.0	0.1706386835694951
109	Churachandpur	Manipur	0.0	94794.0	0.0
110	Churu	Rajasthan	116937.0	921900.0	0.12684347543117475
111	Coimbatore	Tamil Nadu	1524241.0	714749.0	2.1325542253294514
112	Cuddalore	Tamil Nadu	403235.0	255038.0	1.5810781138497008
113	Cuttack	Odisha	527119.0	40040.0	13.16481018981019
114	Dadra and Nagar Haveli	Dadra and Nagar Haveli and Daman and Diu	40833.0	313691.0	0.1301694980091874
115	Dahod	Gujarat	69427.0	1527813.0	0.04544207962623698
116	Dakshin Bastar Dantewada	Chhattisgarh	72733.0	8176.0	8.895914872798434
117	Dakshina Kannada	Karnataka	642464.0	918967.0	0.6991154198137691
118	Daman	Dadra and Nagar Haveli and Daman and Diu	24486.0	135366.0	0.18088737201365188
119	Damoh	Madhya Pradesh	56641.0	115948.0	0.4885034670714458
120	Dang	Gujarat	6027.0	223447.0	0.026972839196767018
121	Darbhanga	Bihar	75177.0	3139094.0	0.023948629763874546
122	Datia	Madhya Pradesh	48664.0	282254.0	0.17241208273399136
123	Dausa	Rajasthan	93169.0	431760.0	0.21578886418380583
124	Davanagere	Karnataka	345157.0	122381.0	2.8203479298257084
125	Dehradun	Uttarakhand	777970.0	2810472.0	0.276811154852281
127	Deogarh	Odisha	41851.0	4774.0	8.76644323418517
128	Deoghar	Jharkhand	74939.0	48657.0	1.5401483856382432
129	Deoria	Uttar Pradesh	141177.0	2131640.0	0.0662292882475465
130	Devbhumi Dwarka	Gujarat	29039.0	562968.0	0.0515819726876128
131	Dewas	Madhya Pradesh	54061.0	673085.0	0.08031823618116582
132	Dhalai	Tripura	38399.0	431074.0	0.0890775133735739
133	Dhamtari	Chhattisgarh	188241.0	10507.0	17.915770438755114
134	Dhar	Madhya Pradesh	87636.0	438179.0	0.20000045643447084
135	Dharmapuri	Tamil Nadu	169226.0	1146621.0	0.14758669167929073
136	Dharwad	Karnataka	418949.0	963872.0	0.4346521114836825
137	Dhenkanal	Odisha	120230.0	1256339.0	0.09569869278912778
138	Dholpur	Rajasthan	77020.0	849156.0	0.0907018262839808
139	Dhule	Maharashtra	320304.0	630644.0	0.5078998610943734
140	Dibrugarh	Assam	0.0	2111599.0	0.0
141	Dimapur	Nagaland	85951.0	329140.0	0.26113811751838123
142	Dindigul	Tamil Nadu	220321.0	194600.0	1.1321736896197327
143	Dindori	Madhya Pradesh	32326.0	24899.0	1.2982850716896261
144	Diu	Dadra and Nagar Haveli and Daman and Diu	8492.0	57813.0	0.14688737827132306
145	Dumka	Jharkhand	32310.0	37800.0	0.8547619047619047
146	Dungarpur	Rajasthan	128824.0	853419.0	0.15095047098787348
147	Durg	Chhattisgarh	672879.0	35140.0	19.148520204894705
148	East Champaran	Bihar	132127.0	3836924.0	0.03443565731299343
149	East Godavari	Andhra Pradesh	1826010.0	6613222.0	0.2761150313719999
150	East Kameng	Arunachal Pradesh	5605.0	52423.0	0.10691871888293307
151	East Siang	Arunachal Pradesh	13982.0	153069.0	0.09134442636980708
152	Erode	Tamil Nadu	617091.0	463680.0	1.3308553312629399
153	Etah	Uttar Pradesh	69703.0	1843065.0	0.0378190676943027
154	Etawah	Uttar Pradesh	97489.0	2084327.0	0.04677241143064404
155	Faridabad	Haryana	697918.0	3534790.0	0.19744256377323688
156	Faridkot	Punjab	95623.0	165445.0	0.5779745534769863
157	Farrukhabad	Uttar Pradesh	72299.0	1622992.0	0.04454673836962844
158	Fatehabad	Haryana	124434.0	192192.0	0.6474463036963037
159	Fatehgarh Sahib	Punjab	60743.0	479052.0	0.12679834339487153
160	Fatehpur	Uttar Pradesh	47491.0	580496.0	0.08181107191091756
161	Fazilka	Punjab	139629.0	445123.0	0.31368632939659374
162	Ferozepur	Punjab	98074.0	524160.0	0.18710699023199023
163	Firozabad	Uttar Pradesh	60861.0	2258592.0	0.02694643388447316
164	Gadag	Karnataka	180255.0	62328.0	2.8920388910281094
165	Gadchiroli	Maharashtra	206219.0	83951.0	2.456421007492466
166	Gajapati	Odisha	64479.0	5005.0	12.882917082917082
167	Gandhinagar	Gujarat	144896.0	2048186.0	0.07074357504640692
168	Ganganagar	Rajasthan	134848.0	564942.0	0.2386935296012688
169	Ganjam	Odisha	230926.0	5253094.0	0.04395999766994461
170	Gariaband	Chhattisgarh	136751.0	14672.0	9.320542529989094
172	Gautam Buddha Nagar	Uttar Pradesh	441251.0	4727772.0	0.0933317004288701
173	Gaya	Bihar	236950.0	6106513.0	0.03880283232018011
174	Ghaziabad	Uttar Pradesh	388670.0	4988277.0	0.077916683456031
175	Ghazipur	Uttar Pradesh	151048.0	1860159.0	0.08120166071825043
176	Gir Somnath	Gujarat	59568.0	853636.0	0.06978149937444063
177	Giridih	Jharkhand	62505.0	77924.0	0.8021277141830502
178	Godda	Jharkhand	40536.0	76860.0	0.527400468384075
179	Gomati	Tripura	40436.0	332059.0	0.12177354024435416
180	Gonda	Uttar Pradesh	85698.0	1688638.0	0.05074977585486055
181	Gondia	Maharashtra	282899.0	911022.0	0.31052927371677086
182	Gopalganj	Bihar	116319.0	3938578.0	0.029533247786383818
183	Gorakhpur	Uttar Pradesh	414870.0	3363752.0	0.12333548965559887
184	Guna	Madhya Pradesh	35907.0	281603.0	0.12750929500040836
185	Guntur	Andhra Pradesh	1130295.0	5836761.0	0.1936510677754323
186	Gurdaspur	Punjab	154232.0	1743273.0	0.08847266033489878
187	Gurugram	Haryana	1264676.0	5198333.0	0.2432849146062786
188	Gwalior	Madhya Pradesh	371425.0	1446872.0	0.2567089555952427
189	Hamirpur	Himachal Pradesh	100344.0	324849.0	0.30889428626838933
190	Hamirpur	Uttar Pradesh	36489.0	1682674.0	0.021685127362757135
191	Hanumangarh	Rajasthan	112000.0	577794.0	0.19384071139541081
192	Hapur	Uttar Pradesh	88153.0	2098075.0	0.0420161338369696
193	Harda	Madhya Pradesh	35353.0	256956.0	0.1375838664985445
194	Hardoi	Uttar Pradesh	96147.0	1573488.0	0.061104374485220096
195	Haridwar	Uttarakhand	357437.0	2586794.0	0.13817760517459063
196	Hassan	Karnataka	707418.0	75600.0	9.357380952380952
197	Hathras	Uttar Pradesh	20351.0	1823675.0	0.011159334859555567
198	Haveri	Karnataka	151280.0	81998.0	1.844923046903583
199	Hingoli	Maharashtra	127834.0	47579.0	2.686773576577902
200	Hisar	Haryana	377241.0	2254273.0	0.16734486018330522
201	Hoshangabad	Madhya Pradesh	74682.0	324058.0	0.23045874503946825
202	Hoshiarpur	Punjab	212761.0	1548827.0	0.13736911869434093
203	Idukki	Kerala	575703.0	1663837.0	0.346009254512311
204	Indore	Madhya Pradesh	1069736.0	5461862.0	0.19585555255698514
205	Jabalpur	Madhya Pradesh	353919.0	2057461.0	0.17201735537149915
206	Jagatsinghpur	Odisha	153240.0	326536.0	0.46928975671901413
207	Jaipur	Rajasthan	1309909.0	6781481.0	0.1931597242549231
208	Jaisalmer	Rajasthan	95351.0	560574.0	0.17009529517958377
209	Jajpur	Odisha	253778.0	377692.0	0.6719178589962191
210	Jalandhar	Punjab	438645.0	3106145.0	0.14121845567415559
211	Jalaun	Uttar Pradesh	81529.0	1552033.0	0.05253045521583626
212	Jalgaon	Maharashtra	973913.0	3004386.0	0.32416373927983955
213	Jalna	Maharashtra	417649.0	819329.0	0.5097451695228656
214	Jalore	Rajasthan	70420.0	1289204.0	0.05462285255087636
215	Jamnagar	Gujarat	244152.0	2155377.0	0.11327577495723486
216	Jamtara	Jharkhand	38471.0	20160.0	1.90828373015873
217	Jamui	Bihar	65572.0	2394035.0	0.027389741586902445
218	Janjgir Champa	Chhattisgarh	396172.0	28112.0	14.092629482071713
219	Jashpur	Chhattisgarh	184446.0	17794.0	10.36562886366191
220	Jaunpur	Uttar Pradesh	157659.0	2259768.0	0.06976778147137229
221	Jehanabad	Bihar	75249.0	3445785.0	0.02183798466822509
222	Jhabua	Madhya Pradesh	53787.0	365022.0	0.14735276229925867
223	Jhajjar	Haryana	131508.0	1307971.0	0.10054351357942952
224	Jhalawar	Rajasthan	95118.0	680141.0	0.13985041337016882
225	Jhansi	Uttar Pradesh	255514.0	2187780.0	0.11679145069431113
226	Jharsuguda	Odisha	162889.0	11641.0	13.99269822180225
227	Jhunjhunu	Rajasthan	103500.0	864031.0	0.11978736874024196
228	Jind	Haryana	148367.0	78099.0	1.899729830087453
229	Jodhpur	Rajasthan	785795.0	4206713.0	0.1867954861669907
230	Junagadh	Gujarat	142750.0	1397893.0	0.1021179732640481
231	Kabeerdham	Chhattisgarh	158945.0	19803.0	8.02630914507903
232	Kaimur	Bihar	34725.0	3096324.0	0.011214911617776433
233	Kaithal	Haryana	78094.0	81809.0	0.9545893483602048
234	Kalaburagi	Karnataka	428776.0	2867172.0	0.1495466613094715
235	Kalahandi	Odisha	166181.0	10206.0	16.282676856750932
236	Kallakurichi	Tamil Nadu	187049.0	198198.0	0.9437481710208983
237	Kamle	Arunachal Pradesh	1264.0	9695.0	0.13037648272305313
238	Kancheepuram	Tamil Nadu	489921.0	262535.0	1.8661168986992211
239	Kandhamal	Odisha	74544.0	10612.0	7.024500565397663
240	Kangra	Himachal Pradesh	320670.0	664370.0	0.4826677905384048
241	Kannauj	Uttar Pradesh	64396.0	868133.0	0.07417757417354254
242	Kannur	Kerala	1109461.0	2744952.0	0.40418229535525574
243	Kanpur Dehat	Uttar Pradesh	43111.0	2412879.0	0.01786703767573923
244	Kanpur Nagar	Uttar Pradesh	579160.0	4800740.0	0.12063973470756592
245	Kanyakumari	Tamil Nadu	410921.0	557200.0	0.7374748743718593
246	Kapurthala	Punjab	122974.0	270606.0	0.45443929550712103
247	Karaikal	Puducherry	101111.0	511994.0	0.19748473614925174
248	Karauli	Rajasthan	50040.0	451367.0	0.11086322216732725
249	Kargil	Ladakh	24415.0	262297.0	0.09308150684148123
250	Karnal	Haryana	279156.0	1296029.0	0.2153933283900283
251	Karur	Tamil Nadu	153351.0	120330.0	1.274420344053852
252	Kasganj	Uttar Pradesh	29684.0	1903783.0	0.015592113176764368
253	Katihar	Bihar	126092.0	3895066.0	0.03237223708147693
254	Katni	Madhya Pradesh	65534.0	397796.0	0.16474273245583163
255	Kaushambi	Uttar Pradesh	30833.0	1449448.0	0.021272236051241577
256	Kendrapara	Odisha	141303.0	2679124.0	0.05274223962757976
257	Kendujhar	Odisha	131392.0	3321528.0	0.039557697541613375
258	Khagaria	Bihar	69382.0	1038380.0	0.066817542710761
259	Khandwa	Madhya Pradesh	28280.0	119630.0	0.2363955529549444
260	Khargone	Madhya Pradesh	97682.0	268891.0	0.3632773131120045
261	Kheda	Gujarat	72829.0	1526980.0	0.04769479626452213
262	Khowai	Tripura	24041.0	168322.0	0.14282743788690724
263	Khunti	Jharkhand	54251.0	26964.0	2.011978934876131
264	Kinnaur	Himachal Pradesh	22593.0	47110.0	0.47957970706856295
265	Kiphire	Nagaland	1122.0	7014.0	0.15996578272027373
266	Kishanganj	Bihar	69564.0	2060247.0	0.03376488353095527
267	Kodagu	Karnataka	209770.0	1007874.0	0.20813117512704962
268	Kohima	Nagaland	52574.0	237902.0	0.2209901556102933
269	Kolar	Karnataka	306378.0	643468.0	0.4761355654049619
270	Kondagaon	Chhattisgarh	89350.0	11249.0	7.942928260289803
271	Koppal	Karnataka	243637.0	60956.0	3.9969322133998295
272	Koraput	Odisha	125224.0	9807.0	12.76883858468441
273	Korba	Chhattisgarh	379494.0	70238.0	5.402972749793559
274	Koriya	Chhattisgarh	186522.0	18823.0	9.909259947936036
275	Kota	Rajasthan	399206.0	2488563.0	0.16041627236280537
276	Kozhikode	Kerala	2146467.0	6685420.0	0.3210668888416883
277	Kra Daadi	Arunachal Pradesh	1362.0	22526.0	0.0604634644410903
278	Krishna	Andhra Pradesh	705188.0	5475624.0	0.12878678302235508
279	Krishnagiri	Tamil Nadu	276799.0	99988.0	2.7683221986638396
280	Kullu	Himachal Pradesh	62173.0	84084.0	0.7394153465582037
281	Kurnool	Andhra Pradesh	851452.0	6071527.0	0.1402368794538837
282	Kurukshetra	Haryana	154150.0	1392167.0	0.11072665851151478
283	Kurung Kumey	Arunachal Pradesh	2546.0	29407.0	0.08657802564015371
284	Kushinagar	Uttar Pradesh	108998.0	2203404.0	0.049468004959598876
285	Kutch	Gujarat	87953.0	1869420.0	0.047048282354955014
286	Lahaul and Spiti	Himachal Pradesh	18951.0	3780.0	5.0134920634920634
287	Lakhimpur Kheri	Uttar Pradesh	170475.0	2579731.0	0.06608247138945883
288	Lakhisarai	Bihar	53798.0	2327038.0	0.023118659858584176
289	Lakshadweep	Lakshadweep	67806.0	1239646.0	0.054697873425155245
290	Lalitpur	Uttar Pradesh	89095.0	152467.0	0.5843559589944054
291	Leh	Ladakh	115411.0	508179.0	0.22710698395644055
292	Lepa Rada	Arunachal Pradesh	3414.0	47229.0	0.0722860954074827
293	Lohardaga	Jharkhand	46553.0	52682.0	0.8836604532857523
294	Lohit	Arunachal Pradesh	11110.0	104615.0	0.10619891984897004
295	Longding	Arunachal Pradesh	3176.0	72394.0	0.04387103903638423
296	Longleng	Nagaland	1049.0	8351.0	0.1256136989582086
297	Lower Dibang Valley	Arunachal Pradesh	11671.0	85183.0	0.13701090593193477
298	Lower Siang	Arunachal Pradesh	3482.0	49490.0	0.07035764800969893
299	Lower Subansiri	Arunachal Pradesh	10402.0	73948.0	0.14066641423703144
300	Lucknow	Uttar Pradesh	1667743.0	8663081.0	0.19251153255983638
301	Ludhiana	Punjab	608197.0	3602837.0	0.16881057899649637
302	Madhepura	Bihar	86910.0	3188374.0	0.027258408204307274
303	Madhubani	Bihar	127406.0	5006176.0	0.025449764450950187
304	Madurai	Tamil Nadu	504371.0	680953.0	0.7406840119655835
305	Maharajganj	Uttar Pradesh	86426.0	2343012.0	0.036886708220017654
306	Mahasamund	Chhattisgarh	217973.0	15281.0	14.264315162620248
307	Mahe	Puducherry	31365.0	296905.0	0.1056398511308331
308	Mahendragarh	Haryana	151745.0	1002771.0	0.15132567655027918
309	Mahisagar	Gujarat	57319.0	859572.0	0.0666831865160801
310	Mahoba	Uttar Pradesh	29848.0	1000944.0	0.029819850061541905
311	Mainpuri	Uttar Pradesh	69922.0	1599472.0	0.04371567617313714
312	Malappuram	Kerala	2323969.0	3288950.0	0.7065990665713981
313	Malkangiri	Odisha	72376.0	12887.0	5.616202374485916
314	Mandi	Himachal Pradesh	189516.0	293265.0	0.6462278144340443
315	Mandsaur	Madhya Pradesh	60452.0	369131.0	0.1637684182580168
316	Mandya	Karnataka	489327.0	104118.0	4.699734916152827
317	Mansa	Punjab	108169.0	188146.0	0.5749205404313671
318	Mathura	Uttar Pradesh	141681.0	1388653.0	0.10202764837580014
319	Mau	Uttar Pradesh	58136.0	1970115.0	0.029508937295538586
320	Mayurbhanj	Odisha	244753.0	23149.0	10.57294051578902
321	Meerut	Uttar Pradesh	485249.0	5588828.0	0.08682482266407196
322	Mehsana	Gujarat	170727.0	1609328.0	0.10608589423660061
323	Mirzapur	Uttar Pradesh	77433.0	2189348.0	0.03536806391674599
324	Moga	Punjab	59797.0	541149.0	0.11050006560115606
325	Mokokchung	Nagaland	9250.0	27832.0	0.33235125035929863
326	Mon	Nagaland	6920.0	85946.0	0.08051567263165244
327	Moradabad	Uttar Pradesh	273358.0	2803213.0	0.09751595758153234
328	Morbi	Gujarat	45454.0	1101247.0	0.04127502730994954
329	Morena	Madhya Pradesh	57613.0	636769.0	0.09047708038550872
330	Mumbai	Maharashtra	5046355.0	19527991.0	0.2584164955831862
331	Mungeli	Chhattisgarh	166636.0	20454.0	8.146866138652586
332	Munger	Bihar	105306.0	2276484.0	0.04625817708360788
333	Muzaffarnagar	Uttar Pradesh	216435.0	1131928.0	0.1912091581796722
334	Muzaffarpur	Bihar	218512.0	5058557.0	0.04319650841139084
335	Mysuru	Karnataka	1157518.0	751366.0	1.5405514755791452
336	Nabarangapur	Odisha	160443.0	1135078.0	0.14134975746160175
337	Nagapattinam	Tamil Nadu	224258.0	146888.0	1.5267278470671533
338	Nagaur	Rajasthan	123724.0	1608754.0	0.07690672408584531
339	Nagpur	Maharashtra	3446906.0	2674581.0	1.288764857000031
340	Nainital	Uttarakhand	271385.0	1430954.0	0.18965319639904568
341	Nalanda	Bihar	163267.0	4139422.0	0.03944198006388332
342	Namakkal	Tamil Nadu	308829.0	173306.0	1.7819867748375706
343	Namsai	Arunachal Pradesh	10704.0	139909.0	0.07650687232415355
344	Nanded	Maharashtra	632607.0	821233.0	0.7703136625050382
345	Nandurbar	Maharashtra	273155.0	264180.0	1.0339730486789311
346	Narayanpur	Chhattisgarh	26884.0	5628.0	4.7768301350390905
347	Narmada	Gujarat	41590.0	532938.0	0.078039096480266
348	Narsinghpur	Madhya Pradesh	78372.0	634200.0	0.12357615894039735
349	Nashik	Maharashtra	2784502.0	3488779.0	0.7981308073684231
350	Navsari	Gujarat	49781.0	903693.0	0.05508618524211209
351	Nawada	Bihar	71829.0	2257598.0	0.03181655901537829
352	Nayagarh	Odisha	139629.0	7728.0	18.067934782608695
353	Neemuch	Madhya Pradesh	55393.0	401044.0	0.13812200157588694
354	Nilgiris	Tamil Nadu	196484.0	320873.0	0.612341954605093
355	Niwari	Madhya Pradesh	25916.0	158018.0	0.16400663215583036
356	North Tripura	Tripura	39482.0	706517.0	0.05588259022783599
357	Nuapada	Odisha	158128.0	2170.0	72.87004608294932
358	Nuh	Haryana	34961.0	653723.0	0.05347983779062386
359	Osmanabad	Maharashtra	431914.0	766150.0	0.5637460027409776
361	Pakke Kessang	Arunachal Pradesh	1892.0	23289.0	0.08124007041951135
362	Pakur	Jharkhand	17787.0	45003.0	0.3952403173121792
363	Palakkad	Kerala	1437210.0	1585934.0	0.9062230836844408
364	Palghar	Maharashtra	872169.0	2238068.0	0.38969727461363995
365	Pali	Rajasthan	191082.0	1256241.0	0.1521061643426699
366	Palwal	Haryana	75516.0	978663.0	0.07716241443683883
367	Panchkula	Haryana	213999.0	831075.0	0.2574966158288963
368	Panchmahal	Gujarat	82303.0	1126867.0	0.0730370132411367
369	Panipat	Haryana	217761.0	412041.0	0.5284935237027383
370	Papum Pare	Arunachal Pradesh	82016.0	293720.0	0.27923192155794635
371	Parbhani	Maharashtra	361526.0	776559.0	0.4655486576036077
372	Patan	Gujarat	81343.0	1183413.0	0.06873593580601194
373	Pathanamthitta	Kerala	814829.0	2142238.0	0.3803634330079104
374	Pathankot	Punjab	129286.0	203784.0	0.6344266478231854
375	Patiala	Punjab	339072.0	1913408.0	0.17720841556008965
376	Patna	Bihar	1023954.0	4733666.0	0.21631310700839476
377	Pauri Garhwal	Uttarakhand	122311.0	972146.0	0.1258154639323723
378	Perambalur	Tamil Nadu	76924.0	55867.0	1.3769130255786064
379	Peren	Nagaland	4711.0	40019.0	0.1177190834353682
380	Phek	Nagaland	2643.0	19453.0	0.13586593327507326
381	Pilibhit	Uttar Pradesh	77095.0	2040766.0	0.037777481592696074
382	Pithoragarh	Uttarakhand	69393.0	508802.0	0.13638507710268435
383	Porbandar	Gujarat	24232.0	685384.0	0.03535536283309794
384	Prakasam	Andhra Pradesh	841922.0	4881380.0	0.17247622598527465
385	Pratapgarh	Rajasthan	49937.0	365456.0	0.13664298848561796
386	Pratapgarh	Uttar Pradesh	111983.0	703500.0	0.15917981520966595
387	Prayagraj	Uttar Pradesh	548474.0	5105100.0	0.1074364850835439
388	Puducherry	Puducherry	638219.0	2979473.0	0.21420533094275396
389	Pudukkottai	Tamil Nadu	187250.0	145845.0	1.2838972882169426
390	Pulwama	Jammu and Kashmir	103785.0	976864.0	0.106243038949127
391	Pune	Maharashtra	7361864.0	679889.0	10.82803810622028
392	Puri	Odisha	273327.0	1213380.0	0.2252608416159818
393	Purnia	Bihar	169481.0	3981292.0	0.042569346835147986
394	Rae Bareli	Uttar Pradesh	119248.0	2711856.0	0.04397283631579258
395	Raichur	Karnataka	278238.0	147077.0	1.8917845754264773
396	Raigad	Maharashtra	1164646.0	2128616.0	0.5471376706742785
397	Raigarh	Chhattisgarh	434549.0	35588.0	12.210548499494212
398	Raipur	Chhattisgarh	1099908.0	88928.0	12.368522849946023
399	Raisen	Madhya Pradesh	64569.0	310401.0	0.2080180154058782
400	Rajgarh	Madhya Pradesh	60639.0	326228.0	0.1858792010495727
401	Rajkot	Gujarat	404592.0	5118757.0	0.07904106407082813
402	Rajnandgaon	Chhattisgarh	391294.0	874629.0	0.4473828331784105
403	Rajsamand	Rajasthan	119067.0	643825.0	0.18493690055527512
404	Ramanagara	Karnataka	165280.0	723793.0	0.22835258147011644
405	Ramanathapuram	Tamil Nadu	136919.0	163723.0	0.8362844560629844
406	Rampur	Uttar Pradesh	82510.0	1920016.0	0.042973600219998166
407	Ranipet	Tamil Nadu	284840.0	140826.0	2.0226378651669434
408	Ratlam	Madhya Pradesh	124794.0	362152.0	0.3445901168570103
409	Rayagada	Odisha	131579.0	4046.0	32.52076124567474
410	Rewa	Madhya Pradesh	114991.0	158830.0	0.7239879116036013
411	Rewari	Haryana	141643.0	1059541.0	0.1336833591149375
412	Rohtak	Haryana	180541.0	181258.0	0.9960443125268954
413	Rohtas	Bihar	97085.0	3650871.0	0.02659228441651321
414	Rudraprayag	Uttarakhand	60236.0	366646.0	0.1642892599401057
415	Rupnagar	Punjab	89775.0	684215.0	0.1312087574812011
416	S.A.S. Nagar	Punjab	477363.0	290724.0	1.6419800222891814
417	S.P.S. Nellore	Andhra Pradesh	887210.0	4780748.0	0.1855797460983093
418	Sabarkantha	Gujarat	65088.0	1274630.0	0.051064230404117276
419	Sagar	Madhya Pradesh	115821.0	453607.0	0.25533336125765255
420	Saharanpur	Uttar Pradesh	229149.0	1864709.0	0.12288727088248086
421	Saharsa	Bihar	122111.0	2494289.0	0.048956235624660976
422	Sahibganj	Jharkhand	33046.0	35203.0	0.9387268130557055
423	Salem	Tamil Nadu	607874.0	557620.0	1.0901223055127147
424	Samastipur	Bihar	138517.0	4301983.0	0.03219840710667615
425	Sambalpur	Odisha	207589.0	14049.0	14.776069471136736
426	Sambhal	Uttar Pradesh	66097.0	2165331.0	0.030525125257985963
427	Sangrur	Punjab	108901.0	1164324.0	0.09353152558909719
428	Sant Kabir Nagar	Uttar Pradesh	57010.0	2048242.0	0.02783362512828074
429	Saraikela-Kharsawan	Jharkhand	50266.0	1132572.0	0.04438216731474908
430	Saran	Bihar	161756.0	5330311.0	0.0303464469521572
431	Satara	Maharashtra	1334660.0	2189194.0	0.6096581664302022
432	Satna	Madhya Pradesh	83731.0	197113.0	0.4247867974207688
433	Sawai Madhopur	Rajasthan	74143.0	592781.0	0.12507654597566387
434	Sehore	Madhya Pradesh	70910.0	315427.0	0.2248063735824771
435	Seoni	Madhya Pradesh	47368.0	105168.0	0.45040316446067247
436	Shahdol	Madhya Pradesh	70553.0	127239.0	0.5544919403641965
437	Shahid Bhagat Singh Nagar	Punjab	79680.0	544005.0	0.1464692420106433
438	Shahjahanpur	Uttar Pradesh	142303.0	3060365.0	0.04649870195221812
439	Shajapur	Madhya Pradesh	44435.0	397635.0	0.11174821129930715
440	Shamli	Uttar Pradesh	90629.0	1726179.0	0.052502666293588324
441	Sheikhpura	Bihar	53589.0	996436.0	0.0537806743232882
442	Sheohar	Bihar	30577.0	1396017.0	0.0219030284015166
443	Sheopur	Madhya Pradesh	27986.0	220143.0	0.1271264587109288
444	Shi Yomi	Arunachal Pradesh	937.0	15183.0	0.0617137588091945
445	Shimla	Himachal Pradesh	175832.0	230454.0	0.7629808985741189
446	Shivamogga	Karnataka	444547.0	341320.0	1.302434665416618
447	Shivpuri	Madhya Pradesh	86701.0	330890.0	0.26202363323158756
448	Shrawasti	Uttar Pradesh	30669.0	1550962.0	0.0197741788644725
449	Siang	Arunachal Pradesh	1355.0	29890.0	0.04533288725326196
450	Siddharthnagar	Uttar Pradesh	65335.0	2065329.0	0.03163418515887784
451	Sidhi	Madhya Pradesh	64533.0	32620.0	1.9783261802575107
452	Sikar	Rajasthan	213670.0	1155294.0	0.1849485931719545
453	Sipahijala	Tripura	36473.0	371469.0	0.09818585130926134
454	Sirmaur	Himachal Pradesh	107185.0	297948.0	0.3597439821713856
455	Sirohi	Rajasthan	95954.0	592312.0	0.16199908156512108
456	Sirsa	Haryana	204230.0	1051351.0	0.19425482070212516
457	Sitamarhi	Bihar	63755.0	3172589.0	0.020095574938953642
458	Sitapur	Uttar Pradesh	86398.0	2026311.0	0.04263807480687812
459	Sivaganga	Tamil Nadu	122421.0	180768.0	0.6772271640998406
460	Siwan	Bihar	105856.0	3755066.0	0.02819018360795789
461	Solan	Himachal Pradesh	155316.0	400400.0	0.3879020979020979
462	Solapur	Maharashtra	1211445.0	4404862.0	0.27502450701066233
463	Sonbhadra	Uttar Pradesh	117407.0	2143225.0	0.05478052934246288
464	Sonipat	Haryana	329417.0	1672741.0	0.19693245995644276
465	South Tripura	Tripura	52303.0	581210.0	0.08998984876378589
466	Sri Muktsar Sahib	Punjab	130037.0	475853.0	0.2732713674180892
467	Srikakulam	Andhra Pradesh	827204.0	4696293.0	0.17613977662807664
468	Sukma	Chhattisgarh	49960.0	12061.0	4.142276759804328
469	Sultanpur	Uttar Pradesh	103822.0	2165765.0	0.047937795651882824
470	Supaul	Bihar	119842.0	3195577.0	0.037502460432028394
471	Surajpur	Chhattisgarh	201548.0	12810.0	15.733645589383295
472	Surat	Gujarat	1001941.0	13567603.0	0.07384804817770685
473	Surendranagar	Gujarat	56740.0	1408071.0	0.04029626346966879
474	Surguja	Chhattisgarh	233250.0	725046.0	0.321703726384257
475	Tapi	Gujarat	30998.0	647668.0	0.04786094109945219
476	Tarn Taran	Punjab	55308.0	780122.0	0.07089660335178344
477	Tawang	Arunachal Pradesh	11263.0	99568.0	0.11311867266591676
478	Tehri Garhwal	Uttarakhand	110165.0	735777.0	0.14972607189406573
479	Tenkasi	Tamil Nadu	184764.0	184366.0	1.0021587494440407
480	Thane	Maharashtra	4044032.0	8607375.0	0.4698333696394081
481	Thanjavur	Tamil Nadu	440380.0	472115.0	0.9327812079683976
482	Theni	Tamil Nadu	295165.0	320873.0	0.9198810744437831
483	Thiruvallur	Tamil Nadu	774600.0	475636.0	1.6285562909451765
484	Thiruvananthapuram	Kerala	2072688.0	3056627.0	0.6780964769335611
485	Thiruvarur	Tamil Nadu	256397.0	472115.0	0.5430816644249812
486	Thoothukkudi	Tamil Nadu	378892.0	345016.0	1.098186750759385
487	Thrissur	Kerala	1888339.0	4473385.0	0.42212753876538683
488	Tikamgarh	Madhya Pradesh	47989.0	301077.0	0.15939111921535024
489	Tirap	Arunachal Pradesh	5389.0	102599.0	0.052524878410120955
490	Tiruchirappalli	Tamil Nadu	480719.0	648102.0	0.741733554286208
491	Tirunelveli	Tamil Nadu	330115.0	379456.0	0.8699691136785292
492	Tirupathur	Tamil Nadu	192223.0	167986.0	1.1442798804662293
493	Tiruppur	Tamil Nadu	570079.0	254107.0	2.2434604320227307
494	Tiruvannamalai	Tamil Nadu	342087.0	533190.0	0.6415855511168627
495	Tonk	Rajasthan	66162.0	519575.0	0.1273386902757061
496	Tuensang	Nagaland	5635.0	34209.0	0.16472273378350727
497	Tumakuru	Karnataka	802230.0	745948.0	1.0754502994846826
498	Udaipur	Rajasthan	393081.0	1760654.0	0.2232585164376419
499	Udalguri	Assam	0.0	172627.0	0.0
500	Udham Singh Nagar	Uttarakhand	262674.0	2361044.0	0.11125332691809217
501	Udupi	Karnataka	462813.0	602644.0	0.767970808636608
502	Ujjain	Madhya Pradesh	132244.0	221417.0	0.5972621795074452
503	Umaria	Madhya Pradesh	44009.0	383677.0	0.11470325299666126
504	Una	Himachal Pradesh	92841.0	370335.0	0.2506946413382478
505	Unnao	Uttar Pradesh	104680.0	2092202.0	0.0500334097759203
506	Unokoti	Tripura	40103.0	244510.0	0.1640137417692528
507	Upper Dibang Valley	Arunachal Pradesh	1539.0	13370.0	0.11510845175766642
508	Upper Siang	Arunachal Pradesh	4644.0	45948.0	0.1010707756594411
509	Upper Subansiri	Arunachal Pradesh	8265.0	43519.0	0.18991704772628049
510	Uttar Bastar Kanker	Chhattisgarh	161637.0	14357.0	11.258410531448074
511	Uttara Kannada	Karnataka	362287.0	96831.0	3.741436110336566
512	Uttarkashi	Uttarakhand	86047.0	840182.0	0.10241471490700825
513	Vadodara	Gujarat	543470.0	4869690.0	0.11160258661228949
514	Vaishali	Bihar	137911.0	1931188.0	0.07141251913330034
515	Valsad	Gujarat	43453.0	1087660.0	0.03995090377507677
516	Varanasi	Uttar Pradesh	596895.0	4168570.0	0.14318939108615183
517	Vellore	Tamil Nadu	327377.0	335552.0	0.9756371590692352
518	Vidisha	Madhya Pradesh	83359.0	461545.0	0.18060860804471937
519	Vijayapura	Karnataka	251757.0	175756.0	1.4324233596577072
520	Viluppuram	Tamil Nadu	295871.0	364448.0	0.8118332382123101
521	Virudhunagar	Tamil Nadu	310401.0	200340.0	1.5493710691823899
522	Visakhapatnam	Andhra Pradesh	1036833.0	5214881.0	0.19882198654197478
523	Vizianagaram	Andhra Pradesh	559300.0	3720031.0	0.15034820946384586
524	Wardha	Maharashtra	409093.0	366555.0	1.1160480691847063
525	Wayanad	Kerala	449012.0	1483671.0	0.30263582694546165
526	West Champaran	Bihar	145845.0	3862446.0	0.037759751204288684
527	West Godavari	Andhra Pradesh	1122062.0	5551686.0	0.20211193500496966
528	West Kameng	Arunachal Pradesh	15095.0	197085.0	0.07659131846665145
529	West Siang	Arunachal Pradesh	8539.0	92344.0	0.09246946201160877
530	West Tripura	Tripura	180884.0	1420573.0	0.12733171755340977
531	Wokha	Nagaland	1489.0	9730.0	0.15303186022610482
532	Y.S.R. Kadapa	Andhra Pradesh	741055.0	4702327.0	0.15759325117117545
533	Yadgir	Karnataka	191864.0	1550395.0	0.12375168908568461
534	Yamunanagar	Haryana	171392.0	1372917.0	0.12483784525940024
535	Yanam	Puducherry	45498.0	187089.0	0.24318907044240975
536	Yavatmal	Maharashtra	531446.0	990857.0	0.5363498466479018
537	Zunheboto	Nagaland	3222.0	14917.0	0.21599517329221693
